產業類別,公司代號,公司名稱,公司類別,公司年度資訊-員工福利費用(仟元),公司年度資訊-員工薪資費用(仟元),公司年度資訊-員工人數(人),公司年度資訊-平均員工福利費用(仟元/人),公司年度資訊-平均員工薪資費用-113年度(仟元/人),公司年度資訊-平均員工薪資費用-112年度(仟元/人),公司年度資訊-平均員工薪資費用-調整變動情形(%),公司年度資訊-每股盈餘(元/股),同產業公司-平均員工福利費用(仟元/人),同產業公司-平均員工薪資費用(仟元/人),同產業公司-平均每股盈餘(元/股)
"觀光餐旅","1259","安心","一般","1948157","1595681","5629","346","283","289 ","-2.10 %","2.05","493","410","1.27",
"觀光餐旅","2754","亞洲藏壽司","一般","1389833","1160653","3660","380","317","328 ","-3.40 %","2.31","493","410","1.27",
"觀光餐旅","2729","瓦城","一般","1851065","1531333","4109","450","373","401 ","-7.00 %","9.01","493","410","1.27",
"觀光餐旅","2752","豆府","一般","1142160","943353","2530","451","373","363 ","2.80 %","15.66","493","410","1.27",
"觀光餐旅","2751","王座","一般","391840","322876","827","474","390","398 ","-2.00 %","4.55","493","410","1.27",
"紡織纖維","4420","光明","一般","65360","53327","136","481","392","497 ","-21.10 %","6.18","848","706","1.60",
"觀光餐旅","4530","宏易","一般","47046","36483","92","511","397","389 ","2.10 %","-1.28","493","410","1.27",
"居家生活","2941","米斯特","一般","185730","148124","362","513","409","352 ","16.20 %","3.31","620","518","8.76",
"觀光餐旅","7708","全家餐飲","一般","757908","652179","1542","492","423","467 ","-9.40 %","5.39","493","410","1.27",
"運動休閒","6804","明係","一般","104778","78503","183","573","429","648 ","-33.80 %","-2.14","759","629","2.07",
"電子零組件業","5464","霖宏","一般","189377","150083","344","551","436","424 ","2.80 %","1.74","972","819","2.22",
"居家生活","2947","振宇五金","一般","422034","332024","758","557","438","431 ","1.60 %","3.46","620","518","8.76",
"觀光餐旅","7723","築間","一般","1646100","1320431","2946","559","448","443 ","1.10 %","4.06","493","410","1.27",
"油電燃氣業","8927","北基","一般","512969","420822","939","546","448","419 ","6.90 %","1.29","795","666","1.79",
"文化創意業","6144","得利影","一般","57238","46018","99","578","465","458 ","1.50 %","-0.57","1614","1435","7.81",
"電子通路業","6154","順發","一般","330123","260366","560","590","465","443 ","5.00 %","0.50","1069","902","1.36",
"觀光餐旅","5905","南仁湖","一般","156653","130751","280","559","467","442 ","5.70 %","-0.51","493","410","1.27",
"電機機械","4535","至興","一般","233056","171003","363","642","471","473 ","-0.40 %","2.44","934","783","2.50",
"生技醫療業","4175","杏一","一般","1043662","852570","1790","583","476","466 ","2.10 %","1.65","956","803","0.43",
"生技醫療業","6469","大樹","一般","1395022","1093929","2285","611","479","500 ","-4.20 %","5.16","956","803","0.43",
"觀光餐旅","5701","劍湖山","一般","168530","132853","277","608","480","469 ","2.30 %","-0.52","493","410","1.27",
"居家生活","5903","全家","一般","4518747","3876519","8034","562","483","482 ","0.20 %","17.04","620","518","8.76",
"電機機械","4534","慶騰","一般","94264","76543","158","597","484","452 ","7.10 %","0.23","934","783","2.50",
"運動休閒","8933","愛地雅","一般","161695","124289","257","629","484","467 ","3.60 %","-0.74","759","629","2.07",
"居家生活","5904","寶雅","一般","3417918","2785343","5730","596","486","461 ","5.40 %","26.74","620","518","8.76",
"觀光餐旅","2740","天蔥","一般","96189","78083","160","601","488","457 ","6.80 %","-4.65","493","410","1.27",
"電機機械","3226","龍鋒","一般","118964","94222","191","623","493","474 ","4.00 %","5.56","934","783","2.50",
"塑膠工業","9950","萬國通","一般","401437","343005","689","583","498","516 ","-3.50 %","1.02","687","590","3.45",
"觀光餐旅","3252","海灣","一般","8766","7534","15","584","502","599 ","-16.20 %","-0.31","493","410","1.27",
"觀光餐旅","5703","亞都麗緻","一般","170152","144645","288","591","502","482 ","4.10 %","0.19","493","410","1.27",
"運動休閒","8928","鉅明","一般","717561","590288","1164","616","507","418 ","21.30 %","2.75","759","629","2.07",
"綠能環保","8171","天宇","一般","93405","77279","150","623","515","649 ","-20.60 %","-1.29","1068","920","3.76",
"運動休閒","9960","邁達康","一般","55513","47334","92","603","515","579 ","-11.10 %","2.03","759","629","2.07",
"觀光餐旅","8077","洛","一般","176661","143475","278","635","516","493 ","4.70 %","4.40","493","410","1.27",
"觀光餐旅","2736","富野","一般","130814","110667","214","611","517","479 ","7.90 %","-1.77","493","410","1.27",
"光電業","6517","保勝光學","一般","144950","116002","224","647","518","521 ","-0.60 %","3.67","1064","903","2.42",
"光電業","5315","光聯","一般","283532","229015","441","643","519","490 ","5.90 %","1.21","1064","903","2.42",
"半導體業","6823","濾能","一般","130622","100938","194","673","520","561 ","-7.30 %","-7.30","1572","1351","5.14",
"其他","8937","合騏","一般","42620","34864","67","636","520","506 ","2.80 %","0.43","902","766","2.24",
"電子零組件業","5355","佳總","一般","219594","181366","347","633","523","494 ","5.90 %","-0.92","972","819","2.22",
"生技醫療業","6841","長佳智能","一般","54861","46180","88","623","525","1105 ","-52.50 %","0.31","956","803","0.43",
"居家生活","6968","萬達寵物","一般","533714","427299","809","660","528","508 ","3.90 %","2.44","620","518","8.76",
"電子零組件業","5228","鈺鎧","一般","173747","144662","269","646","538","545 ","-1.30 %","-2.11","972","819","2.22",
"塑膠工業","4304","勝昱","一般","46263","37707","70","661","539","541 ","-0.40 %","-1.37","687","590","3.45",
"電機機械","4558","寶緯","一般","214034","172998","321","667","539","481 ","12.10 %","0.48","934","783","2.50",
"其他電子業","8092","建暐","一般","113717","94406","174","654","543","541 ","0.40 %","-0.50","1204","1031","4.44",
"光電業","4729","熒茂","一般","205956","165550","303","680","546","529 ","3.20 %","0.40","1064","903","2.42",
"電機機械","2235","謚源","一般","127549","107838","197","647","547","516 ","6.00 %","2.67","934","783","2.50",
"半導體業","3178","公準","一般","504967","407231","739","683","551","576 ","-4.30 %","1.06","1572","1351","5.14",
"電子零組件業","6174","安","一般","155629","127710","231","674","553","509 ","8.60 %","0.75","972","819","2.22",
"其他電子業","8085","福華","一般","143139","121083","218","657","555","510 ","8.80 %","-0.86","1204","1031","4.44",
"文化創意業","8450","霹靂","一般","142168","116493","209","680","557","592 ","-5.90 %","-1.55","1614","1435","7.81",
"其他","6721","信實","一般","330409","276341","495","667","558","532 ","4.90 %","4.39","902","766","2.24",
"鋼鐵工業","2064","晉椿","一般","133658","106188","190","703","559","506 ","10.50 %","-0.18","987","824","2.00",
"電機機械","2067","嘉鋼","一般","113118","96338","172","658","560","575 ","-2.60 %","-2.74","934","783","2.50",
"電子零組件業","6275","元山","一般","393414","325711","582","676","560","613 ","-8.60 %","2.87","972","819","2.22",
"其他","2221","大甲","一般","162771","131799","234","696","563","517 ","8.90 %","2.02","902","766","2.24",
"光電業","5220","萬達光電","一般","203072","167268","297","684","563","539 ","4.50 %","0.28","1064","903","2.42",
"其他","8929","富堡","一般","59634","49005","87","685","563","539 ","4.50 %","0.95","902","766","2.24",
"半導體業","5344","立衛","一般","159854","122877","218","733","564","523 ","7.80 %","0.55","1572","1351","5.14",
"半導體業","8088","品安","一般","329581","264951","470","701","564","547 ","3.10 %","0.16","1572","1351","5.14",
"光電業","3623","富晶通","一般","82957","67629","119","697","568","561 ","1.20 %","-0.93","1064","903","2.42",
"紡織纖維","4406","新昕纖","一般","70783","59618","105","674","568","545 ","4.20 %","-0.73","848","706","1.60",
"電子零組件業","3597","映興","一般","105196","85547","149","706","574","467 ","22.90 %","1.32","972","819","2.22",
"生技醫療業","6242","立康","一般","104996","86136","150","700","574","583 ","-1.50 %","2.48","956","803","0.43",
"電子零組件業","6210","慶生","一般","164007","136271","237","692","575","565 ","1.80 %","-3.69","972","819","2.22",
"電機機械","4528","江興鍛","一般","137631","116347","202","681","576","592 ","-2.70 %","0.01","934","783","2.50",
"居家生活","2916","滿心","一般","473334","390622","676","700","578","556 ","4.00 %","4.19","620","518","8.76",
"光電業","6859","伯特光","一般","235331","192556","333","707","578","568 ","1.80 %","3.14","1064","903","2.42",
"觀光餐旅","2755","揚秦","一般","363156","301490","518","701","582","555 ","4.90 %","5.84","493","410","1.27",
"鋼鐵工業","2063","世鎧","一般","203439","167300","287","709","583","723 ","-19.40 %","1.93","987","824","2.00",
"電機機械","1570","力肯","一般","90523","74267","126","718","589","539 ","9.30 %","2.25","934","783","2.50",
"其他","6904","伯鑫","一般","107229","91266","155","692","589","612 ","-3.80 %","10.47","902","766","2.24",
"電子零組件業","5488","松普","一般","47487","40141","68","698","590","600 ","-1.70 %","0.01","972","819","2.22",
"其他","4430","耀億","一般","226788","191298","323","702","592","556 ","6.50 %","-0.58","902","766","2.24",
"生技醫療業","6844","諾貝兒","一般","529225","455380","769","688","592","602 ","-1.70 %","3.00","956","803","0.43",
"生技醫療業","6929","佑全","一般","715827","591277","998","717","592","486 ","21.80 %","-1.09","956","803","0.43",
"電子零組件業","6584","南俊國際","一般","402388","339169","572","703","593","514 ","15.40 %","2.94","972","819","2.22",
"電子通路業","8067","志旭","一般","27210","21380","36","756","594","622 ","-4.50 %","-0.71","1069","902","1.36",
"觀光餐旅","2732","六角","一般","228169","190985","321","711","595","620 ","-4.00 %","4.79","493","410","1.27",
"電子零組件業","3390","旭軟","一般","215583","186685","314","687","595","549 ","8.40 %","1.41","972","819","2.22",
"電機機械","4543","萬在","一般","199364","169310","284","702","596","497 ","19.90 %","2.09","934","783","2.50",
"通信網路業","6417","韋僑","一般","318932","267780","449","710","596","568 ","4.90 %","4.35","1104","937","2.51",
"光電業","3516","亞帝歐","一般","61208","50171","84","729","597","540 ","10.60 %","0.36","1064","903","2.42",
"觀光餐旅","5704","老爺知","一般","142728","118121","198","721","597","655 ","-8.90 %","0.41","493","410","1.27",
"觀光餐旅","5364","力麗店","一般","83218","68937","115","724","599","600 ","-0.20 %","-1.41","493","410","1.27",
"文化創意業","6294","智基","一般","296975","251235","419","709","600","592 ","1.40 %","1.79","1614","1435","7.81",
"電腦及週邊設備業","4931","新盛力","一般","292553","223510","372","786","601","548 ","9.70 %","2.50","1158","987","4.39",
"通信網路業","3499","環天科","一般","94274","77202","128","737","603","595 ","1.30 %","0.02","1104","937","2.51",
"生技醫療業","4126","太醫","一般","579115","482617","800","724","603","579 ","4.10 %","6.17","956","803","0.43",
"電機機械","4538","大詠城","一般","70776","59110","98","722","603","574 ","5.10 %","0.19","934","783","2.50",
"觀光餐旅","1268","漢來美食","一般","1711351","1499666","2482","690","604","561 ","7.70 %","10.06","493","410","1.27",
"其他電子業","4760","勤凱科技","一般","77992","63388","105","743","604","536 ","12.70 %","6.30","1204","1031","4.44",
"通信網路業","4979","華星光","一般","331624","271952","450","737","604","594 ","1.70 %","3.79","1104","937","2.51",
"電機機械","4510","高鋒","一般","200305","165767","274","731","605","623 ","-2.90 %","1.05","934","783","2.50",
"食品工業","1796","金穎生技","一般","208129","171420","283","735","606","630 ","-3.80 %","-0.54","934","790","3.79",
"電機機械","4549","桓達","一般","196795","155721","257","766","606","587 ","3.20 %","4.72","934","783","2.50",
"電子零組件業","3354","律勝","一般","50010","41361","68","735","608","595 ","2.20 %","-0.34","972","819","2.22",
"電子零組件業","8182","加高","一般","239654","194685","320","749","608","556 ","9.40 %","2.44","972","819","2.22",
"文化創意業","3086","華義","一般","66226","54260","89","744","610","667 ","-8.50 %","0.67","1614","1435","7.81",
"光電業","3523","迎輝","一般","61659","49995","82","752","610","678 ","-10.00 %","-2.22","1064","903","2.42",
"半導體業","3372","典範","一般","327357","262227","429","763","611","643 ","-5.00 %","-1.06","1572","1351","5.14",
"文化創意業","6596","寬宏藝術","一般","63864","52627","86","743","612","486 ","25.90 %","6.27","1614","1435","7.81",
"鋼鐵工業","5011","久陽","一般","153393","126968","207","741","613","544 ","12.70 %","-0.36","987","824","2.00",
"數位雲端","8472","夠麻吉","一般","115048","73060","119","967","614","582 ","5.50 %","-4.42","1082","905","2.11",
"其他","8906","花王","一般","55924","46757","76","736","615","615 ","0.00 %","-0.22","902","766","2.24",
"電子零組件業","1815","富喬","一般","806402","660330","1070","754","617","595 ","3.70 %","0.13","972","819","2.22",
"食品工業","7743","金利食安","一般","98619","84730","137","720","618","606 ","2.00 %","1.85","934","790","3.79",
"電子零組件業","3236","千如","一般","172097","130615","211","816","619","670 ","-7.60 %","0.04","972","819","2.22",
"半導體業","3567","逸昌","一般","106908","83588","135","792","619","647 ","-4.30 %","1.87","1572","1351","5.14",
"居家生活","6195","詩肯","一般","263516","215776","348","757","620","634 ","-2.20 %","1.60","620","518","8.76",
"綠能環保","5432","新門","一般","15301","11822","19","805","622","696 ","-10.60 %","1.36","1068","920","3.76",
"鋼鐵工業","6248","沛波","一般","128682","102679","165","780","622","764 ","-18.60 %","3.07","987","824","2.00",
"其他","8354","冠好","一般","123592","105677","170","727","622","596 ","4.40 %","1.58","902","766","2.24",
"文化創意業","9949","琉園","一般","53596","44219","71","755","623","576 ","8.20 %","-1.19","1614","1435","7.81",
"其他","8932","智通*","一般","135556","111906","179","757","625","613 ","2.00 %","2.00","902","766","2.24",
"半導體業","3467","台灣精材","一般","139282","117072","187","745","626","606 ","3.30 %","1.02","1572","1351","5.14",
"電機機械","4503","金雨","一般","129456","111264","177","731","629","462 ","36.10 %","-1.27","934","783","2.50",
"電子零組件業","5291","邑昇","一般","227796","187860","298","764","630","584 ","7.90 %","0.39","972","819","2.22",
"觀光餐旅","2745","五福","一般","325645","263884","418","779","631","596 ","5.90 %","9.07","493","410","1.27",
"電機機械","4502","健信","一般","132602","111749","177","749","631","622 ","1.40 %","0.21","934","783","2.50",
"觀光餐旅","2734","易飛網","一般","143196","116662","184","778","634","645 ","-1.70 %","1.00","493","410","1.27",
"其他電子業","6654","天正國際","一般","87660","74154","117","749","634","645 ","-1.70 %","-2.28","1204","1031","4.44",
"光電業","6167","久正","一般","151649","123343","194","782","636","730 ","-12.90 %","0.02","1064","903","2.42",
"電子零組件業","8289","泰藝","一般","164379","134731","212","775","636","617 ","3.10 %","0.40","972","819","2.22",
"其他","8905","裕國","一般","146691","124649","196","748","636","616 ","3.20 %","1.35","902","766","2.24",
"電機機械","4513","福裕","一般","134209","112760","177","758","637","685 ","-7.00 %","-0.49","934","783","2.50",
"生技醫療業","1813","寶利徠","一般","81933","63857","100","819","639","662 ","-3.50 %","-0.63","956","803","0.43",
"電機機械","2066","世德","一般","183498","153343","240","765","639","610 ","4.80 %","6.16","934","783","2.50",
"其他","8935","邦泰","一般","62115","53003","83","748","639","623 ","2.60 %","-0.67","902","766","2.24",
"光電業","3297","杭特","一般","111682","91736","143","781","642","619 ","3.70 %","-0.13","1064","903","2.42",
"電機機械","6982","大井泵浦","一般","345315","284901","443","779","643","606 ","6.10 %","2.85","934","783","2.50",
"鋼鐵工業","2073","雄順","一般","137499","117335","182","755","645","569 ","13.40 %","0.63","987","824","2.00",
"電子零組件業","8291","尚茂","一般","29589","25814","40","740","645","507 ","27.20 %","-1.22","972","819","2.22",
"鋼鐵工業","8349","矬ㄟ篕","一般","446311","365980","567","787","645","614 ","5.00 %","4.27","987","824","2.00",
"電腦及週邊設備業","4987","科誠","一般","152810","127328","197","776","646","613 ","5.40 %","6.49","1158","987","4.39",
"電子零組件業","3624","光頡","一般","624765","520052","803","778","648","618 ","4.90 %","2.06","972","819","2.22",
"數位雲端","8044","網家","一般","1224318","993095","1531","800","649","635 ","2.20 %","-4.08","1082","905","2.11",
"電子零組件業","6266","泰詠","一般","409777","340209","523","784","650","631 ","3.00 %","2.62","972","819","2.22",
"電機機械","1586","和勤","一般","165244","138611","213","776","651","558 ","16.70 %","0.43","934","783","2.50",
"電子零組件業","6127","九豪","一般","153838","125207","192","801","652","615 ","6.00 %","-0.64","972","819","2.22",
"觀光餐旅","2719","燦星旅","一般","102018","81084","124","823","654","802 ","-18.50 %","1.26","493","410","1.27",
"電子零組件業","8074","鉅橡","一般","195273","164083","251","778","654","606 ","7.90 %","1.17","972","819","2.22",
"光電業","3666","光耀","一般","123036","106070","162","759","655","609 ","7.60 %","-5.29","1064","903","2.42",
"電腦及週邊設備業","5356","協益","一般","257711","215541","329","783","655","607 ","7.90 %","2.16","1158","987","4.39",
"農業科技","6508","惠光","一般","108920","90436","138","789","655","647 ","1.20 %","1.07","891","750","0.64",
"電機機械","1599","宏佳騰","一般","339384","289675","441","770","657","601 ","9.30 %","1.21","934","783","2.50",
"光電業","3339","泰谷","一般","122642","103281","157","781","658","562 ","17.10 %","0.25","1064","903","2.42",
"生技醫療業","4111","濟生","一般","222519","192899","293","759","658","606 ","8.60 %","1.94","956","803","0.43",
"生技醫療業","4107","邦特","一般","326816","273959","415","788","660","641 ","3.00 %","7.62","956","803","0.43",
"生技醫療業","8279","生展","一般","418595","347015","526","796","660","616 ","7.10 %","8.86","956","803","0.43",
"建材營造","5516","雙喜","一般","225042","188309","285","790","661","692 ","-4.50 %","-3.61","1257","1059","3.22",
"電子零組件業","6418","詠昇","一般","31158","25768","39","799","661","660 ","0.20 %","1.10","972","819","2.22",
"其他","3284","太普高","一般","64177","53657","81","792","662","609 ","8.70 %","2.55","902","766","2.24",
"化學工業","4741","泓瀚","一般","131547","111350","168","783","663","644 ","3.00 %","1.99","1016","860","1.61",
"電機機械","6609","瀧澤科","一般","254718","214195","322","791","665","599 ","11.00 %","2.58","934","783","2.50",
"光電業","3230","錦明","一般","55818","46769","70","797","668","801 ","-16.60 %","3.83","1064","903","2.42",
"居家生活","2937","集雅社","一般","320758","264143","395","812","669","680 ","-1.60 %","3.86","620","518","8.76",
"數位雲端","2640","大車隊","一般","367104","305299","456","805","670","652 ","2.80 %","8.93","1082","905","2.11",
"其他","5314","世紀*","一般","14509","12072","18","806","671","824 ","-18.60 %","18.25","902","766","2.24",
"觀光餐旅","2756","聯發國際","一般","134809","102336","152","887","673","751 ","-10.40 %","2.41","493","410","1.27",
"光電業","3362","先進光","一般","662099","546353","812","815","673","667 ","0.90 %","2.67","1064","903","2.42",
"半導體業","8383","千附","一般","266874","222117","329","811","675","618 ","9.20 %","3.50","1572","1351","5.14",
"電機機械","9951","皇田","一般","496524","398307","590","842","675","784 ","-13.90 %","4.20","934","783","2.50",
"半導體業","6829","千附精密","一般","407311","332791","492","828","676","598 ","13.00 %","5.66","1572","1351","5.14",
"光電業","6234","高僑","一般","110995","96333","142","782","678","683 ","-0.70 %","1.05","1064","903","2.42",
"光電業","5245","智晶","一般","224604","187124","275","817","680","662 ","2.70 %","-3.13","1064","903","2.42",
"光電業","6899","創為精密","一般","240815","200340","294","819","681","613 ","11.10 %","3.40","1064","903","2.42",
"其他","4541","晟田","一般","467147","410394","601","777","683","603 ","13.30 %","1.26","902","766","2.24",
"文化創意業","6482","弘煜科","一般","48045","40972","60","801","683","635 ","7.60 %","3.53","1614","1435","7.81",
"通信網路業","6588","東典光電","一般","71199","58727","86","828","683","607 ","12.50 %","-5.36","1104","937","2.51",
"電腦及週邊設備業","3071","協禧","一般","122451","101232","148","827","684","739 ","-7.40 %","0.81","1158","987","4.39",
"鋼鐵工業","5013","強新","一般","385808","317971","465","830","684","720 ","-5.00 %","1.66","987","824","2.00",
"半導體業","6532","瑞耘","一般","122714","102020","149","824","685","660 ","3.80 %","4.03","1572","1351","5.14",
"電腦及週邊設備業","5426","振發","一般","277299","229032","334","830","686","623 ","10.10 %","0.99","1158","987","4.39",
"紡織纖維","4401","東隆興","一般","397632","310077","450","884","689","571 ","20.70 %","1.06","848","706","1.60",
"生技醫療業","1565","精華","一般","2055671","1744479","2526","814","691","596 ","15.90 %","14.82","956","803","0.43",
"生技醫療業","6615","慧智","一般","75007","62215","90","833","691","769 ","-10.10 %","0.86","956","803","0.43",
"光電業","3128","昇銳","一般","264998","231300","334","793","693","604 ","14.70 %","1.69","1064","903","2.42",
"半導體業","6287","元隆","一般","351733","296718","428","822","693","727 ","-4.70 %","-2.93","1572","1351","5.14",
"其他","8936","國統","一般","325345","274923","397","820","693","840 ","-17.50 %","3.37","902","766","2.24",
"鋼鐵工業","5016","松和","一般","256285","213500","307","835","695","650 ","6.90 %","1.71","987","824","2.00",
"其他電子業","6840","東研信超","一般","150051","124566","179","838","696","720 ","-3.30 %","0.54","1204","1031","4.44",
"通信網路業","3221","台嘉碩","一般","376985","312187","448","841","697","689 ","1.20 %","0.98","1104","937","2.51",
"電機機械","6603","富強鑫","一般","229384","192427","276","831","697","657 ","6.10 %","0.50","934","783","2.50",
"電子通路業","6118","建達","一般","231078","191406","274","843","699","629 ","11.10 %","0.39","1069","902","1.36",
"航運業","2643","捷迅","一般","76289","61638","88","867","700","734 ","-4.60 %","6.11","1225","1051","2.93",
"其他","8421","旭源","一般","168067","142884","204","824","700","707 ","-1.00 %","0.02","902","766","2.24",
"電機機械","2230","泰茂","一般","79860","69645","99","807","703","628 ","11.90 %","6.10","934","783","2.50",
"電子零組件業","5498","凱崴","一般","120741","96995","138","875","703","717 ","-2.00 %","-0.01","972","819","2.22",
"電子零組件業","3548","兆利","一般","527305","451354","641","823","704","665 ","5.90 %","8.73","972","819","2.22",
"其他","6236","中湛","一般","20267","16201","23","881","704","880 ","-20.00 %","-0.41","902","766","2.24",
"其他","8401","白紗科","一般","417629","345814","491","851","704","678 ","3.80 %","2.59","902","766","2.24",
"通信網路業","3558","神準","一般","1561333","1302094","1847","845","705","1088 ","-35.20 %","4.71","1104","937","2.51",
"電子零組件業","6173","信昌電","一般","588297","484351","687","856","705","675 ","4.40 %","2.91","972","819","2.22",
"電機機械","8107","大億金茂","一般","87309","73532","104","840","707","588 ","20.20 %","1.81","934","783","2.50",
"鋼鐵工業","2065","世豐","一般","253222","211731","299","847","708","691 ","2.50 %","3.56","987","824","2.00",
"文化創意業","2926","誠品生活","一般","1099307","916540","1295","849","708","689 ","2.80 %","0.27","1614","1435","7.81",
"半導體業","3675","德微","一般","263895","210129","297","889","708","604 ","17.20 %","8.34","1572","1351","5.14",
"鋼鐵工業","5015","華祺","一般","139905","120390","170","823","708","642 ","10.30 %","2.51","987","824","2.00",
"生技醫療業","6712","長聖","一般","76998","63777","90","856","709","715 ","-0.80 %","4.55","956","803","0.43",
"文化創意業","6856","鑫傳","一般","95461","78655","111","860","709","701 ","1.10 %","4.12","1614","1435","7.81",
"電機機械","7642","昶瑞機電","一般","84640","73191","103","822","711","696 ","2.20 %","6.40","934","783","2.50",
"綠能環保","8440","綠電","一般","98343","81119","114","863","712","754 ","-5.60 %","0.54","1068","920","3.76",
"化學工業","4716","大立","一般","87803","73054","102","861","716","637 ","12.40 %","0.94","1016","860","1.61",
"運動休閒","5348","正能量智能","一般","29371","24335","34","864","716","771 ","-7.10 %","-0.71","759","629","2.07",
"電子零組件業","8109","博大","一般","250196","207042","289","866","716","823 ","-13.00 %","6.48","972","819","2.22",
"食品工業","1294","漢田生技","一般","139430","117624","164","850","717","753 ","-4.80 %","6.02","934","790","3.79",
"電子零組件業","8042","金山電","一般","58984","47296","66","894","717","752 ","-4.70 %","0.60","972","819","2.22",
"電子零組件業","5340","建榮","一般","259316","221287","308","842","718","609 ","17.90 %","0.78","972","819","2.22",
"化學工業","1742","台蠟","一般","23609","20147","28","843","720","722 ","-0.30 %","0.89","1016","860","1.61",
"半導體業","6182","合晶","一般","896775","780104","1081","830","722","753 ","-4.10 %","0.01","1572","1351","5.14",
"其他","4556","旭然","一般","106697","88902","123","867","723","689 ","4.90 %","0.34","902","766","2.24",
"電子零組件業","6217","中探針","一般","220573","176486","244","904","723","668 ","8.20 %","-2.65","972","819","2.22",
"電腦及週邊設備業","6441","廣錠","一般","104785","87444","121","866","723","796 ","-9.20 %","-2.65","1158","987","4.39",
"紡織纖維","4413","飛寶企業","一般","53326","44136","61","874","724","708 ","2.30 %","0.06","848","706","1.60",
"其他電子業","3541","西柏","一般","310223","252520","348","891","726","748 ","-2.90 %","-0.04","1204","1031","4.44",
"電子零組件業","3609","三一東林","一般","36365","29786","41","887","726","723 ","0.40 %","-4.71","972","819","2.22",
"其他電子業","3508","位速","一般","63597","52317","72","883","727","763 ","-4.70 %","-1.65","1204","1031","4.44",
"電腦及週邊設備業","3325","旭品","一般","27118","22555","31","875","728","716 ","1.70 %","-0.89","1158","987","4.39",
"生技醫療業","4744","皇將","一般","157216","135466","186","845","728","685 ","6.30 %","0.75","956","803","0.43",
"生技醫療業","4121","優盛","一般","85026","70035","96","886","730","731 ","-0.10 %","-0.34","956","803","0.43",
"電子零組件業","5381","合正","一般","15762","14607","20","788","730","1022 ","-28.60 %","0.93","972","819","2.22",
"生技醫療業","6612","奈米醫材","一般","114575","97154","133","861","730","752 ","-2.90 %","2.41","956","803","0.43",
"光電業","3531","先益","一般","91870","76802","105","875","731","774 ","-5.60 %","1.35","1064","903","2.42",
"綠能環保","5205","中茂","一般","9606","8037","11","873","731","787 ","-7.10 %","-1.49","1068","920","3.76",
"建材營造","8080","泰霖","一般","6453","5120","7","922","731","647 ","13.00 %","-0.48","1257","1059","3.22",
"其他","5450","南良","一般","428396","376683","514","833","733","672 ","9.10 %","1.13","902","766","2.24",
"光電業","6222","立軒","一般","8593","7340","10","859","734","679 ","8.10 %","-0.41","1064","903","2.42",
"運動休閒","1593","祺驊","一般","88953","75015","102","872","735","658 ","11.70 %","1.70","759","629","2.07",
"電子零組件業","3207","耀勝","一般","57054","47758","65","878","735","1296 ","-43.30 %","-0.16","972","819","2.22",
"建材營造","6171","大城地產","一般","15346","11791","16","959","737","679 ","8.50 %","5.73","1257","1059","3.22",
"資訊服務業","6593","台灣銘板","一般","191103","160626","218","877","737","779 ","-5.40 %","0.39","1178","1009","3.68",
"鋼鐵工業","5014","建錩","一般","63669","53257","72","884","740","626 ","18.20 %","1.17","987","824","2.00",
"其他電子業","4554","橙的","一般","103881","87180","117","888","745","700 ","6.40 %","1.87","1204","1031","4.44",
"化學工業","4707","磐亞","一般","93609","76689","103","909","745","796 ","-6.40 %","0.95","1016","860","1.61",
"生技醫療業","4747","強生製藥","一般","148062","126667","170","871","745","796 ","-6.40 %","1.87","956","803","0.43",
"農業科技","4171","瑞基","一般","134191","111378","149","901","748","734 ","1.90 %","-2.07","891","750","0.64",
"紡織纖維","4433","興采","一般","316634","271569","362","875","750","681 ","10.10 %","0.72","848","706","1.60",
"電機機械","4584","君帆","一般","118128","100478","134","882","750","666 ","12.60 %","3.60","934","783","2.50",
"電子零組件業","6207","雷科","一般","176611","147652","197","897","750","643 ","16.60 %","2.07","972","819","2.22",
"紡織纖維","6506","雙邦","一般","303962","261034","348","873","750","602 ","24.60 %","0.75","848","706","1.60",
"電機機械","6843","進典","一般","98149","81722","109","900","750","841 ","-10.80 %","2.38","934","783","2.50",
"生技醫療業","8409","商之器","一般","115807","95965","128","905","750","787 ","-4.70 %","0.07","956","803","0.43",
"其他","8921","沈氏","一般","148623","123761","165","901","750","727 ","3.20 %","-0.23","902","766","2.24",
"光電業","3691","碩禾","一般","221769","181703","242","916","751","768 ","-2.20 %","-5.61","1064","903","2.42",
"光電業","6244","茂迪","一般","458035","388358","517","886","751","718 ","4.60 %","0.61","1064","903","2.42",
"生技醫療業","3205","佰研","一般","40401","33069","44","918","752","706 ","6.50 %","-1.49","956","803","0.43",
"生技醫療業","4127","天良","一般","49755","42091","56","888","752","687 ","9.50 %","0.26","956","803","0.43",
"鋼鐵工業","9962","有益","一般","81792","68450","91","899","752","764 ","-1.60 %","0.68","987","824","2.00",
"觀光餐旅","5301","寶得利","一般","11426","9801","13","879","754","790 ","-4.60 %","-0.44","493","410","1.27",
"生技醫療業","6662","樂斯科","一般","76031","63457","84","905","755","754 ","0.10 %","1.72","956","803","0.43",
"文化創意業","7584","樂意","一般","170372","140682","186","916","756","758 ","-0.30 %","4.06","1614","1435","7.81",
"半導體業","8086","宏捷科","一般","803093","676034","894","898","756","704 ","7.40 %","2.65","1572","1351","5.14",
"生技醫療業","6130","上亞科技","一般","23905","17404","23","1039","757","1015 ","-25.40 %","-0.75","956","803","0.43",
"紡織纖維","4402","郡都開發","一般","9244","7584","10","924","758","947 ","-20.00 %","-0.09","848","706","1.60",
"其他電子業","6151","晉倫","一般","73711","60650","80","921","758","770 ","-1.60 %","1.48","1204","1031","4.44",
"文化創意業","8923","時報","一般","109663","90914","120","914","758","721 ","5.10 %","0.93","1614","1435","7.81",
"通信網路業","3095","及成","一般","119887","97869","129","929","759","702 ","8.10 %","0.84","1104","937","2.51",
"半導體業","6895","宏碩系統","一般","84421","70847","93","908","762","771 ","-1.20 %","2.55","1572","1351","5.14",
"電機機械","3426","台興","一般","67892","57258","75","905","763","741 ","3.00 %","3.44","934","783","2.50",
"食品工業","4207","環泰","一般","172657","146774","192","899","764","711 ","7.50 %","1.09","934","790","3.79",
"資訊服務業","5310","天剛","一般","10372","8401","11","943","764","654 ","16.80 %","3.02","1178","1009","3.68",
"電機機械","4561","健椿","一般","209092","179721","235","890","765","732 ","4.50 %","3.28","934","783","2.50",
"電子零組件業","6134","萬旭","一般","110952","94041","123","902","765","733 ","4.40 %","0.24","972","819","2.22",
"光電業","6556","勝品","一般","312974","266949","349","897","765","608 ","25.80 %","8.85","1064","903","2.42",
"電子零組件業","8071","能率網通","一般","25886","21418","28","925","765","769 ","-0.50 %","-0.89","972","819","2.22",
"電子零組件業","3332","幸康","一般","268636","221350","289","930","766","761 ","0.70 %","2.18","972","819","2.22",
"其他","5398","慕康生醫","一般","16995","14545","19","894","766","776 ","-1.30 %","0.21","902","766","2.24",
"綠能環保","3551","世禾","一般","661879","568441","740","894","768","760 ","1.10 %","6.63","1068","920","3.76",
"電腦及週邊設備業","8410","森田","一般","200864","169231","220","913","769","729 ","5.50 %","7.54","1158","987","4.39",
"電子零組件業","5439","高技","一般","712445","601882","781","912","771","833 ","-7.40 %","3.51","972","819","2.22",
"光電業","8111","立","一般","180425","154221","200","902","771","701 ","10.00 %","0.91","1064","903","2.42",
"建材營造","8424","惠普","一般","140221","117134","152","923","771","747 ","3.20 %","4.61","1257","1059","3.22",
"通信網路業","6530","創威","一般","69623","58697","76","916","772","666 ","15.90 %","1.64","1104","937","2.51",
"半導體業","6548","長科*","一般","836241","727534","942","888","772","697 ","10.80 %","2.02","1572","1351","5.14",
"其他","8489","三貝德","一般","100675","85747","111","907","772","646 ","19.50 %","-1.23","902","766","2.24",
"食品工業","4205","中華食","一般","259158","217212","281","922","773","763 ","1.30 %","4.45","934","790","3.79",
"半導體業","4973","廣穎電通","一般","331631","278425","360","921","773","766 ","0.90 %","1.79","1572","1351","5.14",
"通信網路業","6143","振曜","一般","387178","323066","418","926","773","722 ","7.10 %","7.33","1104","937","2.51",
"電子零組件業","3631","晟楠","一般","4755","3872","5","951","774","776 ","-0.30 %","-0.56","972","819","2.22",
"其他電子業","3663","鑫科","一般","199493","161799","209","955","774","774 ","0.00 %","0.66","1204","1031","4.44",
"電子零組件業","4542","科嶠","一般","104604","85897","111","942","774","774 ","0.00 %","0.08","972","819","2.22",
"化學工業","4711","永純","一般","82080","68961","89","922","775","767 ","1.00 %","0.10","1016","860","1.61",
"觀光餐旅","2743","山富","一般","316899","269186","347","913","776","643 ","20.70 %","7.24","493","410","1.27",
"生技醫療業","4161","聿新科","一般","159651","137392","177","902","776","605 ","28.30 %","1.84","956","803","0.43",
"電腦及週邊設備業","6160","欣技","一般","231660","189607","244","949","777","779 ","-0.30 %","-0.57","1158","987","4.39",
"化學工業","4706","大恭","一般","186929","156630","201","930","779","639 ","21.90 %","0.99","1016","860","1.61",
"電子零組件業","6642","富致","一般","120539","101536","130","927","781","704 ","10.90 %","3.58","972","819","2.22",
"通信網路業","3152","璟德","一般","260094","222933","285","913","782","663 ","17.90 %","6.21","1104","937","2.51",
"電腦及週邊設備業","3577","泓格","一般","360549","301020","385","936","782","719 ","8.80 %","1.62","1158","987","4.39",
"電腦及週邊設備業","8234","新漢","一般","778363","654905","834","933","785","754 ","4.10 %","0.60","1158","987","4.39",
"電子零組件業","3276","宇環","一般","3803","2357","3","1268","786","1794 ","-56.20 %","-0.14","972","819","2.22",
"生技醫療業","4173","久裕","一般","208213","173845","221","942","787","786 ","0.10 %","1.26","956","803","0.43",
"資訊服務業","5201","凱衛","一般","129990","107039","136","956","787","952 ","-17.30 %","2.25","1178","1009","3.68",
"其他電子業","8183","精星","一般","153270","129117","164","935","787","818 ","-3.80 %","3.26","1204","1031","4.44",
"電子零組件業","6124","業強","一般","23079","18910","24","962","788","940 ","-16.20 %","-1.19","972","819","2.22",
"電子零組件業","8358","金居","一般","317976","243112","308","1032","789","770 ","2.50 %","3.65","972","819","2.22",
"鋼鐵工業","8415","大國鋼","一般","70722","57587","73","969","789","657 ","20.10 %","2.22","987","824","2.00",
"電子零組件業","3310","佳穎","一般","89296","77407","98","911","790","721 ","9.60 %","2.50","972","819","2.22",
"生技醫療業","4102","永日","一般","125476","108177","137","916","790","776 ","1.80 %","1.52","956","803","0.43",
"電子通路業","3224","三顧","一般","88687","72810","92","964","791","730 ","8.40 %","-1.01","1069","902","1.36",
"光電業","3434","哲固","一般","106852","89421","113","946","791","652 ","21.30 %","1.67","1064","903","2.42",
"電子零組件業","8155","博智","一般","837568","699736","885","946","791","727 ","8.80 %","4.69","972","819","2.22",
"電子零組件業","8038","長園科","一般","34386","28524","36","955","792","687 ","15.30 %","-1.54","972","819","2.22",
"電腦及週邊設備業","8050","廣積","一般","708179","604785","764","927","792","821 ","-3.50 %","4.06","1158","987","4.39",
"生技醫療業","6762","達亞","一般","166984","141204","178","938","793","747 ","6.20 %","1.87","956","803","0.43",
"電子零組件業","5457","宣德","一般","474134","375424","473","1002","794","659 ","20.50 %","2.30","972","819","2.22",
"建材營造","5548","安倉","一般","286732","243872","307","934","794","773 ","2.70 %","2.55","1257","1059","3.22",
"電機機械","2070","精湛","一般","101943","86798","109","935","796","817 ","-2.60 %","2.97","934","783","2.50",
"生技醫療業","4163","鐿鈦","一般","671789","585798","736","913","796","682 ","16.70 %","5.38","956","803","0.43",
"文化創意業","6169","昱泉","一般","27394","23088","29","945","796","748 ","6.40 %","-1.22","1614","1435","7.81",
"建材營造","6264","富裔","一般","35822","30263","38","943","796","789 ","0.90 %","0.05","1257","1059","3.22",
"其他","8342","益張","一般","232622","203199","255","912","797","664 ","20.00 %","7.64","902","766","2.24",
"金融業","5878","台名","一般","54704","45549","57","960","799","762 ","4.90 %","2.22","1654","1455","2.06",
"運動休閒","8938","明安","一般","1030397","871676","1091","944","799","589 ","35.70 %","7.51","759","629","2.07",
"電子零組件業","3115","富榮綱","一般","10726","8800","11","975","800","860 ","-7.00 %","-0.73","972","819","2.22",
"電腦及週邊設備業","3272","東碩","一般","355170","297762","371","957","803","790 ","1.60 %","-3.15","1158","987","4.39",
"紡織纖維","4417","金洲","一般","180369","155719","194","930","803","775 ","3.60 %","4.41","848","706","1.60",
"資訊服務業","5410","國眾","一般","371851","311218","386","963","806","823 ","-2.10 %","1.61","1178","1009","3.68",
"生技醫療業","6574","霈方","一般","210664","172770","214","984","807","842 ","-4.20 %","4.10","956","803","0.43",
"通信網路業","3363","上詮","一般","201325","166631","206","977","809","670 ","20.70 %","-0.48","1104","937","2.51",
"資訊服務業","5212","凌網","一般","299043","243600","301","993","809","920 ","-12.10 %","3.84","1178","1009","3.68",
"通信網路業","3234","光環","一般","282965","229083","282","1003","812","795 ","2.10 %","-2.21","1104","937","2.51",
"電腦及週邊設備業","1569","濱川","一般","46521","34980","43","1082","813","850 ","-4.40 %","-2.57","1158","987","4.39",
"電腦及週邊設備業","3594","磐儀","一般","192605","153910","189","1019","814","808 ","0.70 %","1.36","1158","987","4.39",
"數位雲端","8477","創業家","一般","93955","78134","96","979","814","805 ","1.10 %","-3.63","1082","905","2.11",
"光電業","8240","華宏","一般","624751","523626","638","979","821","729 ","12.60 %","3.04","1064","903","2.42",
"半導體業","3707","漢磊","一般","865401","700192","850","1018","824","982 ","-16.10 %","-1.51","1572","1351","5.14",
"電子零組件業","6597","立誠","一般","191108","164954","200","956","825","666 ","23.90 %","4.62","972","819","2.22",
"半導體業","6103","合邦","一般","7953","6644","8","994","831","837 ","-0.70 %","3.40","1572","1351","5.14",
"綠能環保","6624","萬年清","一般","72716","60636","73","996","831","818 ","1.60 %","0.71","1068","920","3.76",
"電子零組件業","5460","同協","一般","72639","64078","77","943","832","764 ","8.90 %","0.22","972","819","2.22",
"電子零組件業","6114","久威","一般","36603","29948","36","1017","832","771 ","7.90 %","2.52","972","819","2.22",
"金融業","5864","致和證","一般","196756","164362","197","999","834","813 ","2.60 %","1.98","1654","1455","2.06",
"生技醫療業","4167","松瑞藥","一般","302727","237910","285","1062","835","743 ","12.40 %","0.57","956","803","0.43",
"其他電子業","4577","達航科技","一般","123084","101895","122","1009","835","725 ","15.20 %","-1.08","1204","1031","4.44",
"資訊服務業","4953","緯軟","一般","1352237","1125008","1346","1005","836","841 ","-0.60 %","6.25","1178","1009","3.68",
"電子零組件業","3357","臺慶科","一般","491620","418376","500","983","837","725 ","15.40 %","7.33","972","819","2.22",
"資訊服務業","6140","訊達電腦","一般","98423","82169","98","1004","838","758 ","10.60 %","1.03","1178","1009","3.68",
"半導體業","8091","翔名","一般","413353","351292","419","987","838","803 ","4.40 %","7.50","1572","1351","5.14",
"生技醫療業","4911","德英","一般","32466","27702","33","984","839","820 ","2.30 %","1.73","956","803","0.43",
"半導體業","8277","商丞","一般","58877","49508","59","998","839","832 ","0.80 %","-0.72","1572","1351","5.14",
"建材營造","5511","德昌","一般","555672","441054","525","1058","840","861 ","-2.40 %","7.52","1257","1059","3.22",
"農業科技","1240","茂生農經","一般","96238","82422","98","982","841","856 ","-1.80 %","4.34","891","750","0.64",
"電腦及週邊設備業","3323","加百裕","一般","291147","239683","285","1022","841","824 ","2.10 %","-1.11","1158","987","4.39",
"農業科技","6578","達邦蛋白","一般","46438","40357","48","967","841","703 ","19.60 %","0.17","891","750","0.64",
"電子零組件業","6185","幃翔","一般","24115","20236","24","1005","843","788 ","7.00 %","0.06","972","819","2.22",
"其他電子業","3580","友威科","一般","149105","101265","120","1243","844","754 ","11.90 %","5.08","1204","1031","4.44",
"其他","6199","天品","一般","12369","10133","12","1031","844","814 ","3.70 %","0.60","902","766","2.24",
"電機機械","7709","榮田","一般","196994","156416","185","1065","845","823 ","2.70 %","5.19","934","783","2.50",
"光電業","8049","晶采","一般","150970","127603","151","1000","845","941 ","-10.20 %","2.50","1064","903","2.42",
"光電業","5230","雷笛克光學","一般","70348","58348","69","1020","846","663 ","27.60 %","0.62","1064","903","2.42",
"生技醫療業","4168","醣聯","一般","55374","46634","55","1007","848","924 ","-8.20 %","-2.12","956","803","0.43",
"文化創意業","3083","網龍","一般","201284","174857","206","977","849","819 ","3.70 %","0.81","1614","1435","7.81",
"電腦及週邊設備業","3625","西勝","一般","133121","111254","131","1016","849","951 ","-10.70 %","-1.39","1158","987","4.39",
"其他電子業","8047","星雲","一般","120373","100150","118","1020","849","823 ","3.20 %","-0.35","1204","1031","4.44",
"其他","8942","森鉅","一般","220357","188632","222","993","850","925 ","-8.10 %","5.39","902","766","2.24",
"電機機械","4550","長佳","一般","83172","68973","81","1027","852","866 ","-1.60 %","3.16","934","783","2.50",
"其他電子業","6877","鏵友益","一般","142511","120340","141","1011","853","824 ","3.50 %","1.25","1204","1031","4.44",
"生技醫療業","4183","福永生技","一般","106056","87072","102","1040","854","875 ","-2.40 %","0.73","956","803","0.43",
"生技醫療業","5312","寶島科","一般","968165","827104","969","999","854","829 ","3.00 %","8.24","956","803","0.43",
"生技醫療業","6747","亨泰光","一般","166028","136861","160","1038","855","824 ","3.80 %","5.51","956","803","0.43",
"其他電子業","3628","盈正","一般","344890","294735","344","1003","857","816 ","5.00 %","2.15","1204","1031","4.44",
"通信網路業","4908","前鼎","一般","272837","233605","272","1003","859","826 ","4.00 %","2.82","1104","937","2.51",
"光電業","4995","晶達","一般","192105","163738","190","1011","862","819 ","5.30 %","4.53","1064","903","2.42",
"電機機械","4523","永彰","一般","184522","155104","179","1031","867","819 ","5.90 %","-1.53","934","783","2.50",
"生技醫療業","6649","台生材","一般","35678","30338","35","1019","867","850 ","2.00 %","-0.04","956","803","0.43",
"航運業","5603","陸海","一般","266654","226644","261","1022","868","834 ","4.10 %","1.24","1225","1051","2.93",
"電子通路業","3232","昱捷","一般","46337","39990","46","1007","869","838 ","3.70 %","0.32","1069","902","1.36",
"化學工業","3430","奇鈦科","一般","150495","127952","147","1024","870","720 ","20.80 %","4.79","1016","860","1.61",
"電子零組件業","6194","育富","一般","6795","5217","6","1133","870","806 ","7.90 %","4.15","972","819","2.22",
"生技醫療業","6661","威健生技","一般","59351","49608","57","1041","870","852 ","2.10 %","0.05","956","803","0.43",
"生技醫療業","1781","合世","一般","62096","51361","59","1052","871","803 ","8.50 %","0.51","956","803","0.43",
"數位雲端","2949","欣新網","一般","188779","157717","181","1043","871","908 ","-4.10 %","3.34","1082","905","2.11",
"通信網路業","6241","易通展","一般","164943","140258","161","1024","871","781 ","11.50 %","-0.63","1104","937","2.51",
"文化創意業","6542","隆中","一般","121671","101899","117","1040","871","789 ","10.40 %","2.03","1614","1435","7.81",
"光電業","4972","湯石照明","一般","45452","37556","43","1057","873","1061 ","-17.70 %","0.00","1064","903","2.42",
"資訊服務業","8099","大世科","一般","530057","447113","512","1035","873","815 ","7.10 %","2.31","1178","1009","3.68",
"電子零組件業","3202","樺晟","一般","117261","103212","118","994","875","716 ","22.20 %","0.00","972","819","0.00",
"半導體業","3268","海德威","一般","38942","33266","38","1025","875","753 ","16.20 %","0.26","1572","1351","5.14",
"生技醫療業","4129","聯合","一般","689327","592344","677","1018","875","906 ","-3.40 %","4.74","956","803","0.43",
"塑膠工業","4305","世坤","一般","99945","87458","100","999","875","833 ","5.00 %","3.97","687","590","3.45",
"其他電子業","6512","啟發電","一般","61534","52486","60","1026","875","870 ","0.60 %","-0.95","1204","1031","4.44",
"電子零組件業","6727","亞泰金屬","一般","139795","120013","137","1020","876","800 ","9.50 %","5.69","972","819","2.22",
"電子零組件業","6432","今展科","一般","89707","73789","84","1068","878","870 ","0.90 %","1.68","972","819","2.22",
"油電燃氣業","8908","欣雄","一般","145168","118507","135","1075","878","854 ","2.80 %","1.87","795","666","1.79",
"電子零組件業","6175","立敦","一般","78902","67712","77","1025","879","787 ","11.70 %","3.23","972","819","2.22",
"資訊服務業","6590","普鴻","一般","259720","220561","251","1035","879","1010 ","-13.00 %","5.04","1178","1009","3.68",
"文化創意業","3064","泰偉","一般","61563","52041","59","1043","882","786 ","12.20 %","0.05","1614","1435","7.81",
"電子零組件業","3290","東浦","一般","100225","87429","99","1012","883","845 ","4.50 %","2.02","972","819","2.22",
"電子零組件業","6279","胡連","一般","675821","552457","624","1083","885","864 ","2.40 %","12.79","972","819","2.22",
"電腦及週邊設備業","3349","寶德","一般","59385","49703","56","1060","888","875 ","1.50 %","-1.05","1158","987","4.39",
"半導體業","6208","日揚","一般","515902","435831","491","1051","888","837 ","6.10 %","3.01","1572","1351","5.14",
"電子零組件業","6538","倉和","一般","230676","199122","224","1030","889","840 ","5.80 %","9.23","972","819","2.22",
"電子零組件業","6284","佳邦","一般","928333","792710","891","1042","890","822 ","8.30 %","6.61","972","819","2.22",
"其他","1584","精剛","一般","192882","159473","179","1078","891","1037 ","-14.10 %","1.57","902","766","2.24",
"資訊服務業","6697","東捷資訊","一般","194614","163072","183","1063","891","840 ","6.10 %","2.61","1178","1009","3.68",
"資訊服務業","6751","智聯服務","一般","58122","49977","56","1038","892","859 ","3.80 %","0.83","1178","1009","3.68",
"生技醫療業","4109","加捷生醫","一般","60029","52696","59","1017","893","845 ","5.70 %","2.16","956","803","0.43",
"電子零組件業","6126","信音","一般","24845","21431","24","1035","893","794 ","12.50 %","0.98","972","819","2.22",
"電子零組件業","6220","岳豐","一般","138080","118727","133","1038","893","621 ","43.80 %","0.93","972","819","2.22",
"其他電子業","1785","光洋科","一般","1287965","1062724","1189","1083","894","770 ","16.10 %","3.21","1204","1031","4.44",
"其他電子業","3552","同致","一般","336149","287539","321","1047","896","954 ","-6.10 %","1.54","1204","1031","4.44",
"電腦及週邊設備業","6150","撼訊","一般","173459","142401","159","1091","896","886 ","1.10 %","-4.10","1158","987","4.39",
"其他電子業","6739","竹陞科技","一般","106690","79719","89","1199","896","902 ","-0.70 %","6.03","1204","1031","4.44",
"電腦及週邊設備業","6228","全譜","一般","30991","26021","29","1069","897","763 ","17.60 %","-0.86","1158","987","4.39",
"資訊服務業","6240","松崗","一般","40657","34078","38","1070","897","1139 ","-21.20 %","0.35","1178","1009","3.68",
"其他電子業","3498","陽程","一般","351202","302800","337","1042","899","880 ","2.20 %","-2.50","1204","1031","4.44",
"數位雲端","6870","騰雲","一般","212587","177946","198","1074","899","806 ","11.50 %","5.04","1082","905","2.11",
"電機機械","4533","協易機","一般","356927","308810","343","1041","900","854 ","5.40 %","1.55","934","783","2.50",
"化學工業","6509","聚和","一般","526949","443820","493","1069","900","835 ","7.80 %","2.71","1016","860","1.61",
"通信網路業","5353","台林","一般","445101","384921","427","1042","901","877 ","2.70 %","2.15","1104","937","2.51",
"光電業","3066","李洲","一般","46232","37865","42","1101","902","931 ","-3.10 %","1.30","1064","903","2.42",
"半導體業","5425","台半","一般","672843","575699","638","1055","902","871 ","3.60 %","1.87","1572","1351","5.14",
"文化創意業","4946","辣椒","一般","37931","31606","35","1084","903","876 ","3.10 %","-11.40","1614","1435","7.81",
"化學工業","4721","美琪瑪","一般","65074","55119","61","1067","904","766 ","18.00 %","3.36","1016","860","1.61",
"光電業","4933","友輝","一般","557568","482241","532","1048","906","774 ","17.10 %","7.07","1064","903","2.42",
"生技醫療業","6767","台微醫","一般","53916","46214","51","1057","906","825 ","9.80 %","-1.62","956","803","0.43",
"電子通路業","3360","尚立","一般","76128","63535","70","1088","908","900 ","0.90 %","-0.48","1069","902","1.36",
"電子零組件業","6204","艾華","一般","48531","41783","46","1055","908","888 ","2.30 %","1.48","972","819","2.22",
"文化創意業","4806","桂田文創","一般","29328","24565","27","1086","910","912 ","-0.20 %","-0.20","1614","1435","7.81",
"資訊服務業","5210","寶碩","一般","154244","131059","144","1071","910","769 ","18.30 %","-0.83","1178","1009","3.68",
"生技醫療業","4130","健亞","一般","202076","173667","190","1064","914","906 ","0.90 %","0.23","956","803","0.43",
"生技醫療業","4192","杏國","一般","27705","23758","26","1066","914","809 ","13.00 %","-1.54","956","803","0.43",
"其他","5604","中連","一般","7606","6408","7","1087","915","896 ","2.10 %","2.50","902","766","2.24",
"紡織纖維","4432","銘旺實","一般","72196","60458","66","1094","916","915 ","0.10 %","2.64","848","706","1.60",
"光電業","8064","東捷","一般","502032","428470","467","1075","917","894 ","2.60 %","0.79","1064","903","2.42",
"其他電子業","3067","全域","一般","20200","17434","19","1063","918","895 ","2.60 %","-1.01","1204","1031","4.44",
"電腦及週邊設備業","3213","茂訊","一般","309076","271200","295","1048","919","903 ","1.80 %","8.44","1158","987","4.39",
"金融業","6020","大展證","一般","91090","77281","84","1084","920","1173 ","-21.60 %","0.72","1654","1455","2.06",
"電子零組件業","6967","汎瑋材料","一般","61038","50573","55","1110","920","836 ","10.00 %","3.37","972","819","2.22",
"通信網路業","8176","智捷","一般","59632","48818","53","1125","921","870 ","5.90 %","0.45","1104","937","2.51",
"文化創意業","3546","宇峻","一般","538309","454707","493","1092","922","890 ","3.60 %","5.54","1614","1435","7.81",
"通信網路業","3672","康聯訊","一般","113589","95921","104","1092","922","894 ","3.10 %","-2.04","1104","937","2.51",
"通信網路業","8097","常珵","一般","58119","48849","53","1097","922","1119 ","-17.60 %","0.38","1104","937","2.51",
"電子零組件業","5475","德宏","一般","19766","17588","19","1040","926","803 ","15.30 %","-1.36","972","819","2.22",
"電子零組件業","8147","正淩","一般","155070","132722","143","1084","928","802 ","15.70 %","2.03","972","819","2.22",
"電子零組件業","6203","海韻電","一般","120593","101420","109","1106","930","993 ","-6.30 %","3.50","972","819","2.22",
"生技醫療業","4726","永昕","一般","337805","288145","309","1093","933","936 ","-0.30 %","-2.27","956","803","0.43",
"其他電子業","3303","岱稜","一般","489751","423282","453","1081","934","795 ","17.50 %","3.90","1204","1031","4.44",
"文化創意業","5263","智崴","一般","303024","252630","270","1122","936","793 ","18.00 %","1.10","1614","1435","7.81",
"通信網路業","6109","亞元","一般","76223","64659","69","1105","937","923 ","1.50 %","-1.65","1104","937","2.51",
"建材營造","3521","鴻翊","一般","60173","49782","53","1135","939","901 ","4.20 %","-1.05","1257","1059","3.22",
"電腦及週邊設備業","3540","曜越","一般","233617","196512","209","1118","940","1017 ","-7.60 %","-1.35","1158","987","4.39",
"半導體業","6291","沛亨","一般","21569","17873","19","1135","941","935 ","0.60 %","6.13","1572","1351","5.14",
"電子零組件業","6821","聯寶","一般","69393","59324","63","1101","942","909 ","3.60 %","1.19","972","819","2.22",
"電腦及週邊設備業","3611","鼎翰","一般","406532","345065","366","1111","943","979 ","-3.70 %","14.19","1158","987","4.39",
"通信網路業","4905","台聯電","一般","34093","29235","31","1100","943","1238 ","-23.80 %","2.91","1104","937","2.51",
"運動休閒","8924","大田","一般","98378","83110","88","1118","944","954 ","-1.00 %","5.66","759","629","2.07",
"電機機械","3379","彬台","一般","80806","69004","73","1107","945","832 ","13.60 %","1.09","934","783","2.50",
"電機機械","6425","易發","一般","268570","224970","238","1128","945","835 ","13.20 %","0.69","934","783","2.50",
"其他","6179","亞通","一般","175943","146628","155","1135","946","902 ","4.90 %","0.05","902","766","2.24",
"居家生活","5902","德記","一般","123676","105174","111","1114","948","936 ","1.30 %","2.11","620","518","8.76",
"其他","8435","鉅邁","一般","95154","80660","85","1119","949","1082 ","-12.30 %","4.68","902","766","2.24",
"電腦及週邊設備業","6680","鑫創電子","一般","109781","92142","97","1132","950","880 ","8.00 %","4.15","1158","987","4.39",
"半導體業","3264","欣銓","一般","1978593","1636497","1720","1150","951","1152 ","-17.40 %","4.44","1572","1351","5.14",
"建材營造","5523","豐謙","一般","18311","15255","16","1144","953","1037 ","-8.10 %","0.55","1257","1059","3.22",
"居家生活","6728","上洋","一般","475398","407908","428","1111","953","849 ","12.20 %","11.71","620","518","8.76",
"生技醫療業","8436","大江","一般","663744","562974","590","1125","954","1060 ","-10.00 %","7.60","956","803","0.43",
"通信網路業","3684","榮昌","一般","109610","93624","98","1118","955","930 ","2.70 %","2.80","1104","937","2.51",
"其他","4529","淳紳","一般","20529","17183","18","1141","955","1019 ","-6.30 %","-1.30","902","766","2.24",
"半導體業","3105","穩懋","一般","3349597","2846964","2973","1127","958","860 ","11.40 %","1.81","1572","1351","5.14",
"居家生活","2948","寶陞","一般","34357","29747","31","1108","960","1254 ","-23.40 %","2.19","620","518","8.76",
"電子零組件業","3511","矽瑪","一般","88442","63523","66","1340","962","945 ","1.80 %","-1.26","972","819","2.22",
"資訊服務業","8416","實威","一般","290812","245710","255","1140","964","927 ","4.00 %","11.01","1178","1009","3.68",
"電子零組件業","5309","系統電","一般","442501","374356","388","1140","965","1046 ","-7.70 %","0.61","972","819","2.22",
"觀光餐旅","4419","皇家美食","一般","17569","15468","16","1098","967","984 ","-1.70 %","-0.72","493","410","1.27",
"化學工業","4768","晶呈科技","一般","90135","76411","79","1141","967","1383 ","-30.10 %","2.90","1016","860","1.61",
"電腦及週邊設備業","6570","維田","一般","152438","128773","133","1146","968","983 ","-1.50 %","1.59","1158","987","4.39",
"電機機械","8083","瑞穎","一般","177663","153875","159","1117","968","863 ","12.20 %","10.19","934","783","2.50",
"生技醫療業","8403","盛弘","一般","168407","143258","148","1138","968","909 ","6.50 %","1.53","956","803","0.43",
"通信網路業","3081","聯亞","一般","355895","306702","316","1126","971","848 ","14.50 %","-0.59","1104","937","2.51",
"半導體業","6129","普誠","一般","242747","204905","211","1150","971","1015 ","-4.30 %","-1.00","1572","1351","5.14",
"半導體業","6261","久元","一般","1141257","962175","991","1152","971","902 ","7.60 %","4.06","1572","1351","5.14",
"通信網路業","6465","威潤","一般","85409","71845","74","1154","971","965 ","0.60 %","-1.32","1104","937","2.51",
"通信網路業","6470","宇智","一般","231414","199283","205","1129","972","958 ","1.50 %","3.60","1104","937","2.51",
"數位雲端","6763","綠界科技*","一般","237858","201225","207","1149","972","937 ","3.70 %","1.94","1082","905","2.11",
"光電業","3615","安可","一般","87687","77835","80","1096","973","853 ","14.10 %","0.00","1064","903","2.42",
"居家生活","4609","唐鋒","一般","13424","11681","12","1119","973","943 ","3.20 %","-0.47","620","518","8.76",
"生技醫療業","1784","訊聯","一般","215180","183020","188","1145","974","928 ","5.00 %","1.65","956","803","0.43",
"半導體業","8024","佑華","一般","98712","82818","85","1161","974","972 ","0.20 %","-1.15","1572","1351","5.14",
"生技醫療業","4138","曜亞","一般","142053","117969","121","1174","975","992 ","-1.70 %","5.66","956","803","0.43",
"化學工業","4772","台特化","一般","117826","100381","103","1144","975","699 ","39.50 %","2.74","1016","860","1.61",
"食品工業","6846","綠茵","一般","172992","147238","151","1146","975","981 ","-0.60 %","5.43","934","790","3.79",
"電腦及週邊設備業","8076","伍豐","一般","244415","212833","218","1121","976","875 ","11.50 %","1.49","1158","987","4.39",
"電機機械","4527","方方土霖","一般","222725","189579","194","1148","977","877 ","11.40 %","4.20","934","783","2.50",
"其他電子業","3285","微端","一般","65292","56767","58","1126","979","880 ","11.30 %","1.18","1204","1031","4.44",
"電子零組件業","3294","英濟","一般","454826","387764","396","1149","979","933 ","4.90 %","0.58","972","819","2.22",
"半導體業","3265","台星科","一般","449897","389020","397","1133","980","904 ","8.40 %","6.23","1572","1351","5.14",
"生技醫療業","4153","鈺緯","一般","163879","139341","142","1154","981","924 ","6.20 %","1.60","956","803","0.43",
"電機機械","8027","鈦昇","一般","340399","287481","293","1162","981","818 ","19.90 %","-0.51","934","783","2.50",
"資訊服務業","8284","三竹","一般","431685","365736","373","1157","981","926 ","5.90 %","5.56","1178","1009","3.68",
"其他","5345","天揚","一般","23290","19634","20","1165","982","906 ","8.40 %","-2.51","902","766","2.24",
"其他電子業","3373","熱映","一般","69421","58998","60","1157","983","953 ","3.10 %","-0.66","1204","1031","4.44",
"半導體業","3680","家登","一般","785919","694939","706","1113","984","931 ","5.70 %","12.32","1572","1351","5.14",
"航運業","2641","正德","一般","62708","54174","55","1140","985","1046 ","-5.80 %","1.92","1225","1051","2.93",
"航運業","5601","台聯櫃","一般","11083","9849","10","1108","985","995 ","-1.00 %","0.39","1225","1051","2.93",
"生技醫療業","4123","晟德","一般","237943","197350","200","1190","987","927 ","6.50 %","-1.55","956","803","0.43",
"電機機械","4563","百德","一般","195360","168814","171","1142","987","880 ","12.20 %","3.87","934","783","2.50",
"數位雲端","3687","歐買尬","一般","42672","37527","38","1123","988","955 ","3.50 %","2.33","1082","905","2.11",
"生技醫療業","4728","雙美","一般","142477","122525","124","1149","988","978 ","1.00 %","12.47","956","803","0.43",
"其他電子業","7703","銳澤","一般","246743","211579","214","1153","989","981 ","0.80 %","7.41","1204","1031","4.44",
"通信網路業","3163","波若威","一般","159717","134642","136","1174","990","1154 ","-14.20 %","5.75","1104","937","2.51",
"居家生活","4702","中美實","一般","25620","21779","22","1165","990","851 ","16.30 %","0.58","620","518","8.76",
"其他電子業","5489","彩富","一般","397217","348368","352","1128","990","751 ","31.80 %","2.39","1204","1031","4.44",
"電子零組件業","3520","華盈","一般","31349","26760","27","1161","991","922 ","7.50 %","0.29","972","819","2.22",
"建材營造","3489","森寶","一般","31929","25803","26","1228","992","862 ","15.10 %","-0.89","1257","1059","3.22",
"其他","5530","龍巖","一般","724220","621682","626","1157","993","1037 ","-4.20 %","3.83","902","766","2.24",
"通信網路業","3564","其陽","一般","256305","215729","217","1181","994","943 ","5.40 %","0.89","1104","937","2.51",
"生技醫療業","3118","進階","一般","145819","124612","125","1167","997","998 ","-0.10 %","2.00","956","803","0.43",
"建材營造","3512","皇龍","一般","37991","31899","32","1187","997","1392 ","-28.40 %","0.58","1257","1059","3.22",
"電機機械","8255","朋程","一般","988184","806748","809","1221","997","793 ","25.70 %","8.24","934","783","2.50",
"光電業","3490","單井","一般","128970","110814","111","1162","998","974 ","2.50 %","1.66","1064","903","2.42",
"通信網路業","6218","豪勉","一般","186594","159914","160","1166","999","989 ","1.00 %","-1.68","1104","937","2.51",
"化學工業","4714","永捷","一般","66810","59022","59","1132","1000","925 ","8.10 %","0.38","1016","860","1.61",
"建材營造","6198","瑞築","一般","18557","15019","15","1237","1001","853 ","17.40 %","-0.56","1257","1059","3.22",
"光電業","3441","聯一光電","一般","24083","21076","21","1147","1004","932 ","7.70 %","1.40","1064","903","2.42",
"其他電子業","3289","宜特","一般","1410221","1181469","1174","1201","1006","980 ","2.70 %","6.50","1204","1031","4.44",
"生技醫療業","4116","明基醫","一般","145140","121717","121","1200","1006","945 ","6.50 %","2.35","956","803","0.43",
"生技醫療業","1777","生泰","一般","255289","221877","220","1160","1009","937 ","7.70 %","8.82","956","803","0.43",
"半導體業","6510","精測","一般","1267337","1093460","1084","1169","1009","814 ","24.00 %","15.55","1572","1351","5.14",
"資訊服務業","3147","大綜","一般","339417","289806","287","1183","1010","1026 ","-1.60 %","11.94","1178","1009","3.68",
"其他電子業","3465","進泰電子","一般","28104","23262","23","1222","1011","932 ","8.50 %","0.78","1204","1031","4.44",
"通信網路業","6245","立端","一般","852175","732640","724","1177","1012","1027 ","-1.50 %","6.10","1104","937","2.51",
"資訊服務業","6752","叡揚","一般","920163","813351","800","1150","1017","985 ","3.20 %","6.14","1178","1009","3.68",
"食品工業","1264","德麥","一般","360981","310050","304","1187","1020","905 ","12.70 %","20.55","934","790","3.79",
"生技醫療業","4198","欣大健康","投控","11941","10197","10","1194","1020","1544 ","-33.90 %","-1.71","956","803","0.43",
"電機機械","4506","崇友","一般","1700866","1458111","1427","1192","1022","982 ","4.10 %","5.58","934","783","2.50",
"電腦及週邊設備業","6276","安鈦克","一般","42232","34785","34","1242","1023","1187 ","-13.80 %","-2.16","1158","987","4.39",
"通信網路業","8034","榮群","一般","110864","95347","93","1192","1025","1038 ","-1.30 %","1.00","1104","937","2.51",
"數位雲端","3085","新零售","一般","22899","19488","19","1205","1026","674 ","52.20 %","-1.69","1082","905","2.11",
"半導體業","5487","通泰","一般","52234","44114","43","1215","1026","1085 ","-5.40 %","-0.11","1572","1351","5.14",
"電子零組件業","1595","川寶","一般","94237","81205","79","1193","1028","1131 ","-9.10 %","-0.06","972","819","2.22",
"半導體業","3581","博磊","一般","131211","109123","106","1238","1029","848 ","21.30 %","0.60","1572","1351","5.14",
"半導體業","6147","頎邦","一般","6252575","5326790","5169","1210","1031","897 ","14.90 %","5.59","1572","1351","5.14",
"居家生活","8066","來思達","一般","22079","18565","18","1227","1031","1164 ","-11.40 %","-0.24","620","518","8.76",
"生技醫療業","7713","威力德生醫","一般","62452","52642","51","1225","1032","1046 ","-1.30 %","4.09","956","803","0.43",
"生技醫療業","4128","中天","一般","164230","140963","136","1208","1036","1025 ","1.10 %","-1.87","956","803","0.43",
"鋼鐵工業","5009","榮剛","一般","1193528","1017995","983","1214","1036","1067 ","-2.90 %","4.40","987","824","2.00",
"光電業","5251","天鉞電","一般","33355","30037","29","1150","1036","1158 ","-10.50 %","0.06","1064","903","2.42",
"光電業","3630","新鉅科","一般","202123","172120","166","1218","1037","915 ","13.30 %","-2.52","1064","903","2.42",
"光電業","3455","由田","一般","385486","321817","309","1248","1041","1198 ","-13.10 %","5.29","1064","903","2.42",
"資訊服務業","6516","勤崴國際","一般","196667","168867","162","1214","1042","988 ","5.50 %","1.47","1178","1009","3.68",
"電子零組件業","6259","百徽","一般","28254","24028","23","1228","1045","1023 ","2.20 %","0.51","972","819","2.22",
"電子零組件業","8043","蜜望實","一般","113593","99304","95","1196","1045","741 ","41.00 %","1.53","972","819","2.22",
"光電業","6125","廣運","一般","563615","483814","462","1220","1047","1323 ","-20.90 %","-0.56","1064","903","2.42",
"光電業","6246","臺龍","一般","25177","21987","21","1199","1047","997 ","5.00 %","-1.32","1064","903","2.42",
"生技醫療業","6785","昱展新藥","一般","26989","21993","21","1285","1047","1955 ","-46.40 %","0.27","956","803","0.43",
"電子零組件業","8121","越峰","一般","248542","212723","203","1224","1048","1022 ","2.50 %","0.73","972","819","2.22",
"通信網路業","6263","普萊德","一般","207239","178533","170","1219","1050","1026 ","2.30 %","8.61","1104","937","2.51",
"生技醫療業","6547","高端疫苗","一般","159850","135425","129","1239","1050","1096 ","-4.20 %","-0.24","956","803","0.43",
"其他電子業","8431","匯鑽科","一般","31276","23096","22","1422","1050","947 ","10.90 %","1.26","1204","1031","4.44",
"化學工業","4767","誠泰科技","一般","72409","62036","59","1227","1051","1023 ","2.70 %","2.82","1016","860","1.61",
"資訊服務業","6123","上奇","一般","46720","39929","38","1229","1051","1227 ","-14.30 %","3.65","1178","1009","3.68",
"居家生活","3171","炎洲流通","一般","205703","177716","169","1217","1052","999 ","5.30 %","2.12","620","518","8.76",
"電腦及週邊設備業","5490","同亨","一般","218718","188644","179","1222","1054","1091 ","-3.40 %","0.35","1158","987","4.39",
"生技醫療業","4160","訊聯基因","一般","191998","163469","155","1239","1055","906 ","16.40 %","2.05","956","803","0.43",
"綠能環保","7715","裕山","一般","231239","199414","189","1223","1055","797 ","32.40 %","5.06","1068","920","3.76",
"電器電纜","2061","風青","一般","14167","7399","7","2024","1057","923 ","14.50 %","-0.30","2024","1057","-0.30",
"電子零組件業","6274","台燿","一般","1212863","1048700","992","1223","1057","857 ","23.30 %","9.56","972","819","2.22",
"電機機械","4580","捷流閥業","一般","341664","295340","279","1225","1059","1017 ","4.10 %","8.86","934","783","2.50",
"其他電子業","7728","光焱科技","一般","68623","58346","55","1248","1061","1050 ","1.00 %","8.79","1204","1031","4.44",
"其他電子業","3402","漢科","一般","586726","509728","478","1227","1066","966 ","10.40 %","6.78","1204","1031","4.44",
"通信網路業","4903","聯光通","一般","98053","83256","78","1257","1067","985 ","8.30 %","0.07","1104","937","2.51",
"電機機械","4568","科際精密","一般","56676","48315","45","1259","1074","893 ","20.30 %","2.81","934","783","2.50",
"其他電子業","6855","數泓科","一般","126150","111959","104","1213","1077","869 ","23.90 %","9.20","1204","1031","4.44",
"生技醫療業","3218","大學光","一般","401296","350279","325","1235","1078","1081 ","-0.30 %","12.57","956","803","0.43",
"電子零組件業","3288","點晶","一般","24830","21599","20","1242","1080","1014 ","6.50 %","-0.35","972","819","2.22",
"半導體業","5468","凱鈺","一般","21336","18368","17","1255","1080","1124 ","-3.90 %","-0.13","1572","1351","5.14",
"光電業","7402","邑錡","一般","87536","73526","68","1287","1081","1062 ","1.80 %","1.47","1064","903","2.42",
"生技醫療業","6703","軒郁","一般","140606","115941","107","1314","1084","1211 ","-10.50 %","10.16","956","803","0.43",
"綠能環保","6692","進能服","一般","240918","199701","184","1309","1085","855 ","26.90 %","0.94","1068","920","3.76",
"電子通路業","6113","亞矽","一般","65800","55642","51","1290","1091","1037 ","5.20 %","-0.13","1069","902","1.36",
"文化創意業","3629","地心引力","一般","15714","13102","12","1310","1092","1075 ","1.60 %","-1.05","1614","1435","7.81",
"數位雲端","6690","安硌穈T","一般","463289","393045","360","1287","1092","1063 ","2.70 %","10.13","1082","905","2.11",
"生技醫療業","6589","台康生技","一般","499847","424992","389","1285","1093","1348 ","-18.90 %","-2.28","956","803","0.43",
"電子零組件業","3710","連展投控","投控","40458","33921","31","1305","1094","995 ","9.90 %","-0.48","972","819","2.22",
"生技醫療業","6872","浩宇生醫","一般","48106","41605","38","1266","1095","1092 ","0.30 %","-1.56","956","803","0.43",
"電子通路業","8084","巨虹","一般","24335","18679","17","1431","1099","1052 ","4.50 %","1.01","1069","902","1.36",
"半導體業","3374","精材","一般","1761745","1544680","1403","1256","1101","967 ","13.90 %","6.15","1572","1351","5.14",
"文化創意業","8446","華研","一般","111880","94726","86","1301","1101","1068 ","3.10 %","11.44","1614","1435","7.81",
"油電燃氣業","8917","欣泰","一般","227079","194840","177","1283","1101","1036 ","6.30 %","2.36","795","666","1.79",
"電腦及週邊設備業","3483","力致","一般","344778","295550","268","1286","1103","1362 ","-19.00 %","8.27","1158","987","4.39",
"電子零組件業","3492","長盛","一般","51663","44113","40","1292","1103","1068 ","3.30 %","1.62","972","819","2.22",
"半導體業","5443","均豪","一般","514647","440744","399","1290","1105","1051 ","5.10 %","1.82","1572","1351","5.14",
"其他","5481","新華","一般","15739","13289","12","1312","1107","975 ","13.50 %","-0.24","902","766","2.24",
"綠能環保","3073","天方能源","一般","33459","28963","26","1287","1114","824 ","35.20 %","0.75","1068","920","3.76",
"資訊服務業","5202","力新","一般","70819","59068","53","1336","1114","1251 ","-11.00 %","1.75","1178","1009","3.68",
"電子零組件業","6158","禾昌","一般","189883","164393","147","1292","1118","1122 ","-0.40 %","1.26","972","819","2.22",
"鋼鐵工業","8930","青鋼","一般","154312","128643","115","1342","1119","1043 ","7.30 %","3.01","987","824","2.00",
"化學工業","4754","國碳科","一般","116221","101982","91","1277","1121","945 ","18.60 %","2.63","1016","860","1.61",
"電子零組件業","8093","保銳","一般","50544","42645","38","1330","1122","820 ","36.80 %","-3.16","972","819","2.22",
"電子零組件業","1336","台翰","一般","63238","54054","48","1317","1126","1409 ","-20.10 %","2.10","972","819","2.22",
"電子零組件業","3114","好德","一般","90945","70942","63","1444","1126","985 ","14.30 %","1.80","972","819","2.22",
"電子零組件業","3484","崧騰","一般","270665","241674","214","1265","1129","891 ","26.70 %","4.17","972","819","2.22",
"電腦及週邊設備業","5289","宜鼎","一般","1078706","930340","824","1309","1129","1155 ","-2.30 %","12.20","1158","987","4.39",
"半導體業","7704","明遠精密","一般","178788","153574","136","1315","1129","1161 ","-2.80 %","2.91","1572","1351","5.14",
"電腦及週邊設備業","6161","捷波","一般","106616","91550","81","1316","1130","1088 ","3.90 %","2.85","1158","987","4.39",
"電子零組件業","6761","穩得","一般","220777","193165","171","1291","1130","998 ","13.20 %","7.25","972","819","2.22",
"電腦及週邊設備業","3088","艾訊","一般","901930","773535","684","1319","1131","1065 ","6.20 %","7.53","1158","987","4.39",
"其他電子業","3587","閎康","一般","1142116","986430","872","1310","1131","1135 ","-0.40 %","10.39","1204","1031","4.44",
"文化創意業","5478","智冠","一般","547113","487650","431","1269","1131","976 ","15.90 %","7.75","1614","1435","7.81",
"半導體業","8227","巨有科技","一般","112424","82648","73","1540","1132","1287 ","-12.00 %","1.65","1572","1351","5.14",
"半導體業","6683","雍智科技","一般","409560","359137","317","1292","1133","859 ","31.90 %","17.69","1572","1351","5.14",
"生技醫療業","6569","醫揚","一般","166991","147515","130","1285","1135","1263 ","-10.10 %","4.69","956","803","0.43",
"建材營造","2596","綠意","一般","21067","18215","16","1317","1138","1022 ","11.40 %","0.67","1257","1059","3.22",
"電子零組件業","5328","華容","一般","61218","53550","47","1303","1139","1235 ","-7.80 %","0.39","972","819","2.22",
"其他電子業","6146","耕興","一般","1013159","895589","786","1289","1139","1155 ","-1.40 %","12.66","1204","1031","4.44",
"電機機械","6122","擎邦","一般","343115","294343","257","1335","1145","1136 ","0.80 %","4.41","934","783","2.50",
"通信網路業","3491","昇達科","一般","373746","328124","286","1307","1147","807 ","42.10 %","8.59","1104","937","2.51",
"其他電子業","5493","三聯","一般","115182","98658","86","1339","1147","1187 ","-3.40 %","4.20","1204","1031","4.44",
"電子零組件業","6292","迅德","一般","53219","47013","41","1298","1147","1731 ","-33.70 %","3.87","972","819","2.22",
"生技醫療業","6461","益得","一般","106406","93066","81","1314","1149","1136 ","1.10 %","-2.68","956","803","0.43",
"通信網路業","8048","德勝","一般","162690","140142","122","1334","1149","1352 ","-15.00 %","2.36","1104","937","2.51",
"生技醫療業","6523","達爾膚","一般","111192","90843","79","1407","1150","1070 ","7.50 %","10.57","956","803","0.43",
"通信網路業","6486","互動","一般","486668","418956","364","1337","1151","1199 ","-4.00 %","5.87","1104","937","2.51",
"電腦及週邊設備業","6577","勁豐","一般","256069","225507","196","1306","1151","1120 ","2.80 %","6.63","1158","987","4.39",
"電腦及週邊設備業","3479","安勤","一般","452168","389777","336","1346","1160","1231 ","-5.80 %","6.85","1158","987","4.39",
"半導體業","4923","力士","一般","69105","59145","51","1355","1160","1112 ","4.30 %","-2.33","1572","1351","5.14",
"鋼鐵工業","2035","唐榮公司","一般","861215","711956","612","1407","1163","1125 ","3.40 %","-2.20","987","824","2.00",
"電子零組件業","6664","群翊","一般","323229","279093","240","1347","1163","1162 ","0.10 %","16.97","972","819","2.22",
"光電業","6560","欣普羅","一般","66969","57018","49","1367","1164","1144 ","1.70 %","-0.26","1064","903","2.42",
"生技醫療業","4743","合一","一般","280682","212361","182","1542","1167","1184 ","-1.40 %","-2.44","956","803","0.43",
"資訊服務業","3570","大塚","一般","242095","208110","178","1360","1169","1132 ","3.30 %","12.98","1178","1009","3.68",
"其他電子業","3093","港建*","一般","194969","166109","142","1373","1170","1349 ","-13.30 %","1.06","1204","1031","4.44",
"建材營造","5213","亞昕","一般","130815","106579","91","1438","1171","1324 ","-11.60 %","1.65","1257","1059","3.22",
"電機機械","3685","元創精密","一般","18094","15274","13","1392","1175","1135 ","3.50 %","-0.53","934","783","2.50",
"半導體業","3259","鑫創","一般","148527","126296","107","1388","1180","1201 ","-1.70 %","-3.18","1572","1351","5.14",
"鋼鐵工業","4950","金耘國際","一般","14689","12975","11","1335","1180","1069 ","10.40 %","-0.89","987","824","2.00",
"文化創意業","6111","大宇資","一般","204296","176970","150","1362","1180","1318 ","-10.50 %","0.77","1614","1435","7.81",
"電子通路業","8068","全達","一般","59833","51903","44","1360","1180","926 ","27.40 %","2.30","1069","902","1.36",
"綠能環保","8390","金益鼎","一般","200519","179573","152","1319","1181","987 ","19.70 %","4.84","1068","920","3.76",
"電機機械","1580","新麥","一般","99719","87489","74","1348","1182","1154 ","2.40 %","13.59","934","783","2.50",
"油電燃氣業","8931","大汽電","一般","260727","225865","191","1365","1183","1172 ","0.90 %","2.32","795","666","1.79",
"生技醫療業","4114","健喬","一般","652787","561248","473","1380","1187","1191 ","-0.30 %","1.63","956","803","0.43",
"半導體業","6708","天擎","一般","92800","79546","67","1385","1187","1162 ","2.20 %","-0.31","1572","1351","5.14",
"生技醫療業","4131","浩泰","一般","35923","32090","27","1330","1189","716 ","66.10 %","-1.23","956","803","0.43",
"生技醫療業","1788","杏昌","一般","395568","344398","289","1369","1192","1238 ","-3.70 %","8.08","956","803","0.43",
"光電業","5371","中光電","一般","2320953","1956484","1641","1414","1192","1116 ","6.80 %","2.10","1064","903","2.42",
"通信網路業","6190","萬泰科","一般","324269","289954","243","1334","1193","836 ","42.70 %","2.28","1104","937","2.51",
"通信網路業","6163","華電網","一般","1188860","1031519","863","1378","1195","1114 ","7.30 %","0.93","1104","937","2.51",
"半導體業","3122","笙泉","一般","98309","84886","71","1385","1196","1266 ","-5.50 %","-1.44","1572","1351","5.14",
"通信網路業","3632","研勤","一般","52802","45446","38","1390","1196","1303 ","-8.20 %","-0.29","1104","937","2.51",
"半導體業","6229","研通","一般","34988","29888","25","1400","1196","941 ","27.10 %","0.61","1572","1351","5.14",
"半導體業","6485","點序","一般","419893","351940","294","1428","1197","1207 ","-0.80 %","-1.36","1572","1351","5.14",
"電子零組件業","3322","建舜電","一般","97880","82806","69","1419","1200","1149 ","4.40 %","-0.87","972","819","2.22",
"生技醫療業","6733","博晟生醫","一般","54023","46846","39","1385","1201","1183 ","1.50 %","-0.95","956","803","0.43",
"建材營造","5455","昇益","一般","19160","16856","14","1369","1204","1059 ","13.70 %","5.83","1257","1059","3.22",
"建材營造","5529","鉅陞","一般","34016","29014","24","1417","1209","1161 ","4.10 %","-0.94","1257","1059","3.22",
"數位雲端","6865","偉康科技","一般","224389","192364","159","1411","1210","1107 ","9.30 %","2.15","1082","905","2.11",
"生技醫療業","6496","科懋","一般","185435","161239","133","1394","1212","1068 ","13.50 %","-2.14","956","803","0.43",
"生技醫療業","6527","明達醫","一般","152406","134694","111","1373","1213","1149 ","5.60 %","5.02","956","803","0.43",
"金融業","6026","福邦證","一般","316294","279187","230","1375","1214","1270 ","-4.40 %","1.11","1654","1455","2.06",
"資訊服務業","6231","系微","一般","770256","671635","553","1393","1215","1183 ","2.70 %","7.37","1178","1009","3.68",
"數位雲端","5321","美而快","一般","93413","80615","66","1415","1221","1248 ","-2.20 %","0.03","1082","905","2.11",
"資訊服務業","6791","虎門科技","一般","144118","125984","103","1399","1223","1229 ","-0.50 %","4.16","1178","1009","3.68",
"通信網路業","8059","凱碩","一般","130438","112989","92","1418","1228","1308 ","-6.10 %","-1.84","1104","937","2.51",
"生技醫療業","1799","易威","一般","22279","20895","17","1311","1229","1660 ","-26.00 %","-0.81","956","803","0.43",
"生技醫療業","4147","中裕","一般","141648","98533","80","1771","1232","1174 ","4.90 %","-0.75","956","803","0.43",
"電腦及週邊設備業","6922","宸曜","一般","255731","220812","179","1429","1234","929 ","32.80 %","7.57","1158","987","4.39",
"建材營造","5512","力麒","一般","67656","58052","47","1439","1235","1045 ","18.20 %","0.17","1257","1059","3.22",
"其他","8916","光隆","一般","317125","268194","217","1461","1236","1133 ","9.10 %","4.04","902","766","2.24",
"半導體業","6233","旺玖","一般","123851","107720","87","1424","1238","1190 ","4.00 %","0.36","1572","1351","5.14",
"電腦及週邊設備業","5438","東友","一般","135688","115240","93","1459","1239","1191 ","4.00 %","1.10","1158","987","4.39",
"電子零組件業","6913","鴻呈","一般","121214","105282","85","1426","1239","1112 ","11.40 %","4.78","972","819","2.22",
"半導體業","5483","中美晶","一般","842807","737942","595","1416","1240","1579 ","-21.50 %","9.24","1572","1351","5.14",
"半導體業","6488","環球晶","一般","2419475","2106522","1699","1424","1240","1510 ","-17.90 %","21.06","1572","1351","5.14",
"通信網路業","6546","正基","一般","122900","106789","86","1429","1242","1229 ","1.10 %","3.59","1104","937","2.51",
"生技醫療業","4735","豪展","一般","98550","85755","69","1428","1243","1257 ","-1.10 %","1.62","956","803","0.43",
"其他電子業","6667","信紘科","一般","528295","452791","364","1451","1244","1040 ","19.60 %","9.69","1204","1031","4.44",
"其他","5209","新鼎","一般","294030","251575","202","1456","1245","1260 ","-1.20 %","13.37","902","766","2.24",
"電子零組件業","3537","堡達","一般","73378","64861","52","1411","1247","1159 ","7.60 %","3.67","972","819","2.22",
"數位雲端","6997","博弘","一般","196004","167596","134","1463","1251","1207 ","3.60 %","6.11","1082","905","2.11",
"資訊服務業","5211","蒙恬","一般","61835","52582","42","1472","1252","987 ","26.80 %","-1.17","1178","1009","3.68",
"資訊服務業","8272","全景軟體","一般","244130","211591","169","1445","1252","1299 ","-3.60 %","4.04","1178","1009","3.68",
"金融業","6015","宏遠證","一般","761095","660252","526","1447","1255","1115 ","12.60 %","0.91","1654","1455","2.06",
"資訊服務業","6148","驊宏資","一般","93221","81688","65","1434","1257","901 ","39.50 %","1.54","1178","1009","3.68",
"半導體業","3556","禾瑞亞","一般","238676","208330","165","1447","1263","1121 ","12.70 %","2.28","1572","1351","5.14",
"電子通路業","6270","倍微","一般","120852","103680","82","1474","1264","1172 ","7.80 %","0.65","1069","902","1.36",
"電腦及週邊設備業","6121","新普","一般","602184","496295","392","1536","1266","1282 ","-1.20 %","28.88","1158","987","4.39",
"半導體業","3555","博士旺","一般","20348","17895","14","1453","1278","1104 ","15.80 %","-0.19","1572","1351","5.14",
"通信網路業","4909","新復興","一般","268605","241868","188","1429","1287","540 ","138.30 %","10.14","1104","937","2.51",
"數位雲端","7714","創泓科技","一般","112743","97782","76","1483","1287","1208 ","6.50 %","5.07","1082","905","2.11",
"電子零組件業","3689","湧德","一般","180250","150906","117","1541","1290","1256 ","2.70 %","6.42","972","819","2.22",
"半導體業","6693","廣閎科","一般","108240","94183","73","1483","1290","1183 ","9.00 %","3.33","1572","1351","5.14",
"半導體業","5302","太欣","一般","48550","42670","33","1471","1293","1304 ","-0.80 %","-0.27","1572","1351","5.14",
"建材營造","5206","坤悅","一般","46951","40135","31","1515","1295","1352 ","-4.20 %","2.06","1257","1059","3.22",
"資訊服務業","6874","倍力","一般","138596","117976","91","1523","1296","1306 ","-0.80 %","4.46","1178","1009","3.68",
"電腦及週邊設備業","3287","廣寰科","一般","16335","14277","11","1485","1298","1156 ","12.30 %","2.35","1158","987","4.39",
"半導體業","6651","全宇昕","一般","146732","128611","99","1482","1299","1292 ","0.50 %","8.22","1572","1351","5.14",
"鋼鐵工業","7718","友鋮","一般","164755","142120","109","1512","1304","1224 ","6.50 %","6.08","987","824","2.00",
"生技醫療業","4188","安克","一般","40267","35222","27","1491","1305","1151 ","13.40 %","-0.88","956","803","0.43",
"建材營造","5514","三豐","一般","26613","23574","18","1479","1310","1438 ","-8.90 %","0.39","1257","1059","3.22",
"生技醫療業","4105","東洋","一般","907348","724910","553","1641","1311","1299 ","0.90 %","5.83","956","803","0.43",
"其他","6881","潤德","一般","194453","167056","127","1531","1315","1225 ","7.30 %","15.52","902","766","2.24",
"半導體業","4749","新應材","一般","606898","535103","406","1495","1318","1058 ","24.60 %","8.50","1572","1351","5.14",
"觀光餐旅","3522","御嵿","一般","31337","27780","21","1492","1323","1606 ","-17.60 %","-2.28","493","410","1.27",
"綠能環保","6894","衛司特","一般","104067","95380","72","1445","1325","1272 ","4.20 %","8.50","1068","920","3.76",
"生技醫療業","3176","基亞","一般","58862","49521","37","1591","1338","937 ","42.80 %","-1.47","956","803","0.43",
"通信網路業","3466","德晉","一般","53244","45510","34","1566","1339","963 ","39.00 %","-2.56","1104","937","2.51",
"其他電子業","3324","雙鴻","一般","435216","385915","284","1532","1359","1275 ","6.60 %","21.23","1204","1031","4.44",
"半導體業","5351","鈺創","一般","504363","417807","306","1648","1365","1359 ","0.40 %","-1.77","1572","1351","5.14",
"建材營造","6212","理銘","一般","30814","27360","20","1541","1368","1393 ","-1.80 %","6.09","1257","1059","3.22",
"半導體業","3317","尼克森","一般","204115","175537","128","1595","1371","1407 ","-2.60 %","2.49","1572","1351","5.14",
"資訊服務業","6221","晉泰","一般","459306","404333","295","1557","1371","1279 ","7.20 %","3.51","1178","1009","3.68",
"生技醫療業","4120","友華","一般","437633","382867","279","1569","1372","1198 ","14.50 %","-3.27","956","803","0.43",
"半導體業","7556","意德士科技","一般","59322","52572","38","1561","1383","1092 ","26.60 %","5.82","1572","1351","5.14",
"其他電子業","6735","美達科技","一般","113820","99656","72","1581","1384","1111 ","24.60 %","2.13","1204","1031","4.44",
"電子零組件業","3191","雲嘉南","一般","16120","13884","10","1612","1388","1130 ","22.80 %","-0.57","972","819","2.22",
"建材營造","6219","富旺","一般","76965","66642","48","1603","1388","1429 ","-2.90 %","5.08","1257","1059","3.22",
"半導體業","5347","世界","一般","9824757","7627154","5463","1798","1396","1295 ","7.80 %","4.21","1572","1351","5.14",
"半導體業","3141","晶宏","一般","243730","209905","150","1625","1399","1505 ","-7.00 %","1.16","1572","1351","5.14",
"電子通路業","3444","利機","一般","123025","106729","76","1619","1404","1321 ","6.30 %","2.39","1069","902","1.36",
"電子零組件業","6156","松上","一般","41067","35261","25","1643","1410","1530 ","-7.80 %","2.16","972","819","2.22",
"電子通路業","6227","茂綸","一般","396214","355270","250","1585","1421","1404 ","1.20 %","6.55","1069","902","1.36",
"半導體業","5272","笙科","一般","165229","143087","100","1652","1431","1396 ","2.50 %","-0.09","1572","1351","5.14",
"生技醫療業","8432","東生華","一般","120288","103484","72","1671","1437","1370 ","4.90 %","2.95","956","803","0.43",
"電腦及週邊設備業","3693","營邦","一般","1074040","970920","675","1591","1438","1381 ","4.10 %","27.30","1158","987","4.39",
"半導體業","4945","陞達科技","一般","96274","83943","58","1660","1447","1300 ","11.30 %","3.23","1572","1351","5.14",
"生技醫療業","6499","益安","一般","32881","27543","19","1731","1450","1299 ","11.60 %","-8.74","956","803","0.43",
"電子通路業","8096","擎亞","一般","92127","71114","49","1880","1451","1434 ","1.20 %","3.27","1069","902","1.36",
"半導體業","6223","旺矽","一般","3087410","2672323","1839","1679","1453","1216 ","19.50 %","24.42","1572","1351","5.14",
"文化創意業","6101","寬魚國際","一般","38286","33672","23","1665","1464","1405 ","4.20 %","0.28","1614","1435","7.81",
"居家生活","8941","關中","一般","46155","40988","28","1648","1464","1475 ","-0.70 %","5.06","620","518","8.76",
"半導體業","3228","金麗科","一般","143780","126458","86","1672","1470","1534 ","-4.20 %","-0.34","1572","1351","5.14",
"電子零組件業","4939","亞電","一般","36611","29416","20","1831","1471","1663 ","-11.50 %","0.19","972","819","2.22",
"生技醫療業","4174","浩鼎","一般","261674","223092","151","1733","1477","1678 ","-12.00 %","-9.89","956","803","0.43",
"綠能環保","3713","新晶投控","投控","11878","10345","7","1697","1478","1438 ","2.80 %","-0.53","1068","920","3.76",
"半導體業","3527","聚積","一般","370634","322199","217","1708","1485","1337 ","11.10 %","0.28","1572","1351","5.14",
"半導體業","7734","印能科技","一般","169658","151442","102","1663","1485","1231 ","20.60 %","44.53","1572","1351","5.14",
"數位雲端","6811","宏硌穈T","一般","534091","460978","310","1723","1487","1358 ","9.50 %","13.00","1082","905","2.11",
"電腦及週邊設備業","5465","富驊","一般","47207","41685","28","1686","1489","1487 ","0.10 %","1.82","1158","987","4.39",
"半導體業","6684","安格","一般","194396","168244","113","1720","1489","1442 ","3.30 %","-4.24","1572","1351","5.14",
"金融業","6021","美好證","一般","653609","575189","383","1707","1502","1187 ","26.50 %","1.43","1654","1455","2.06",
"其他電子業","5452","佶優","一般","66643","58824","39","1709","1508","1492 ","1.10 %","0.40","1204","1031","4.44",
"光電業","8069","元太","一般","2335415","2048884","1359","1718","1508","1467 ","2.80 %","7.75","1064","903","2.42",
"生技醫療業","6637","醫影","一般","74506","64953","43","1733","1511","1307 ","15.60 %","7.17","956","803","0.43",
"電腦及週邊設備業","3211","順達","一般","376714","328455","217","1736","1514","1292 ","17.20 %","17.59","1158","987","4.39",
"電腦及週邊設備業","5474","聰泰","一般","251759","217001","142","1773","1528","1447 ","5.60 %","7.15","1158","987","4.39",
"塑膠工業","4303","信立","一般","70816","63122","41","1727","1540","652 ","136.20 %","10.62","687","590","3.45",
"生技醫療業","6875","國邑*","一般","83179","72501","47","1770","1543","1399 ","10.30 %","-1.32","956","803","0.43",
"文化創意業","6180","橘子","一般","957337","843594","545","1757","1548","1095 ","41.40 %","11.78","1614","1435","7.81",
"電子通路業","8032","光菱","一般","175903","154926","100","1759","1549","1264 ","22.50 %","2.15","1069","902","1.36",
"通信網路業","8089","康全電訊","一般","263402","236455","152","1733","1556","1094 ","42.20 %","8.29","1104","937","2.51",
"建材營造","4416","三圓","一般","21156","18821","12","1763","1568","1258 ","24.60 %","0.10","1257","1059","3.22",
"通信網路業","3306","鼎天","一般","209191","185245","118","1773","1570","1496 ","4.90 %","2.93","1104","937","2.51",
"建材營造","5508","永信建","一般","95915","70733","45","2131","1572","1537 ","2.30 %","16.03","1257","1059","3.22",
"其他電子業","6903","巨漢","一般","190254","172406","109","1745","1582","1408 ","12.40 %","9.28","1204","1031","4.44",
"電腦及週邊設備業","5386","青雲","一般","58645","49212","31","1892","1587","952 ","66.70 %","3.31","1158","987","4.39",
"數位雲端","5287","數字","一般","311665","276901","174","1791","1591","1557 ","2.20 %","12.67","1082","905","2.11",
"電子通路業","6265","方方土昶","一般","23216","20744","13","1786","1596","1290 ","23.70 %","0.21","1069","902","1.36",
"建材營造","5520","力泰","一般","340991","313217","195","1749","1606","1395 ","15.10 %","8.98","1257","1059","3.22",
"建材營造","5324","士開","一般","84710","72410","45","1882","1609","1403 ","14.70 %","0.70","1257","1059","3.22",
"半導體業","8054","安國","一般","56828","49864","31","1833","1609","1614 ","-0.30 %","-2.29","1572","1351","5.14",
"數位雲端","5278","尚凡*","一般","55221","48558","30","1841","1619","1462 ","10.70 %","0.67","1082","905","2.11",
"光電業","5392","能率","一般","31384","27637","17","1846","1626","1646 ","-1.20 %","0.18","1064","903","2.42",
"電子零組件業","6290","良維","一般","120542","107847","66","1826","1634","1276 ","28.10 %","6.41","972","819","2.22",
"金融業","6016","康和證","一般","1185075","1049225","640","1852","1639","1359 ","20.60 %","1.75","1654","1455","2.06",
"資訊服務業","5403","中菲","一般","772922","694954","420","1840","1655","1614 ","2.50 %","8.44","1178","1009","3.68",
"半導體業","6237","驊訊","一般","244820","216528","130","1883","1666","1507 ","10.60 %","-0.27","1572","1351","5.14",
"電子零組件業","3078","僑威","一般","313273","281033","168","1865","1673","1879 ","-11.00 %","5.62","972","819","2.22",
"半導體業","6138","茂達","一般","651845","488678","292","2232","1674","1462 ","14.50 %","9.89","1572","1351","5.14",
"建材營造","4113","聯上","一般","59535","52122","31","1920","1681","880 ","91.00 %","3.55","1257","1059","3.22",
"其他電子業","6613","朋億*","一般","284244","253029","150","1895","1687","1570 ","7.50 %","17.10","1204","1031","4.44",
"航運業","5609","中菲行","一般","249525","219491","130","1919","1688","1147 ","47.20 %","6.78","1225","1051","2.93",
"其他電子業","3219","倚強科","一般","171839","153419","90","1909","1705","1504 ","13.40 %","0.30","1204","1031","4.44",
"半導體業","5299","杰力","一般","168066","148890","87","1932","1711","1225 ","39.70 %","5.93","1572","1351","5.14",
"光電業","6419","京晨科","一般","60775","54962","32","1899","1718","773 ","122.30 %","10.46","1064","903","2.42",
"綠能環保","6803","崑鼎","一般","128578","115213","66","1948","1746","1505 ","16.00 %","17.43","1068","920","3.76",
"光電業","6498","久禾光","一般","65036","59552","34","1913","1752","1890 ","-7.30 %","5.57","1064","903","2.42",
"電腦及週邊設備業","6188","廣明","一般","389215","339756","193","2017","1760","1577 ","11.60 %","2.33","1158","987","4.39",
"半導體業","3438","類比科","一般","247351","220469","125","1979","1764","1527 ","15.50 %","1.51","1572","1351","5.14",
"建材營造","3188","鑫龍騰","一般","38440","33712","19","2023","1774","1860 ","-4.60 %","2.21","1257","1059","3.22",
"其他電子業","3131","弘塑","一般","423589","383439","216","1961","1775","1660 ","6.90 %","29.07","1204","1031","4.44",
"半導體業","6435","大中","一般","216155","174053","98","2206","1776","1418 ","25.20 %","6.09","1572","1351","5.14",
"半導體業","6640","均華","一般","401266","362729","204","1967","1778","1038 ","71.30 %","14.62","1572","1351","5.14",
"半導體業","8040","九暘","一般","231800","203567","114","2033","1786","1658 ","7.70 %","-1.38","1572","1351","5.14",
"半導體業","6462","神盾","一般","506352","446086","248","2042","1799","1713 ","5.00 %","-12.69","1572","1351","5.14",
"半導體業","6568","宏觀","一般","180150","159810","88","2047","1816","1516 ","19.80 %","3.85","1572","1351","5.14",
"居家生活","8433","弘帆","一般","58341","52694","29","2012","1817","1690 ","7.50 %","9.84","620","518","8.76",
"半導體業","4951","精拓科","一般","138356","120497","66","2096","1826","1523 ","19.90 %","4.25","1572","1351","5.14",
"半導體業","6494","九齊","一般","258187","228973","125","2065","1832","1655 ","10.70 %","2.63","1572","1351","5.14",
"其他電子業","5536","聖暉*","一般","820734","739347","400","2052","1848","1552 ","19.10 %","21.09","1204","1031","4.44",
"半導體業","3169","亞信","一般","158042","141825","76","2080","1866","1920 ","-2.80 %","3.42","1572","1351","5.14",
"生技醫療業","6492","生華科","一般","66766","59260","31","2154","1912","1752 ","9.10 %","-3.29","956","803","0.43",
"電子零組件業","3388","崇越電","一般","246046","222937","116","2121","1922","1672 ","15.00 %","4.09","972","819","2.22",
"半導體業","6953","家碩","一般","271768","241888","125","2174","1935","1719 ","12.60 %","8.25","1572","1351","5.14",
"半導體業","6788","華景電","一般","491226","378639","194","2532","1952","1505 ","29.70 %","14.34","1572","1351","5.14",
"通信網路業","6561","是方","一般","459188","321010","164","2800","1957","1946 ","0.60 %","13.82","1104","937","2.51",
"電子零組件業","3206","志豐","一般","131978","117550","60","2200","1959","1631 ","20.10 %","4.10","972","819","2.22",
"半導體業","6643","M31","一般","677553","597897","297","2281","2013","2363 ","-14.80 %","3.05","1572","1351","5.14",
"金融業","6023","元大期貨","一般","915745","822090","407","2250","2020","1729 ","16.80 %","7.47","1654","1455","2.06",
"電子零組件業","3646","艾恩特","一般","32048","28428","14","2289","2031","2049 ","-0.90 %","1.39","972","819","2.22",
"半導體業","6732","昇佳電子","一般","471238","415195","203","2321","2045","2180 ","-6.20 %","11.05","1572","1351","5.14",
"其他","3313","斐成","一般","10856","10268","5","2171","2054","1854 ","10.80 %","1.03","902","766","2.24",
"電子零組件業","3217","優群","一般","261869","240683","117","2238","2057","1915 ","7.40 %","11.25","972","819","2.22",
"生技醫療業","6576","逸達","一般","102607","91648","42","2443","2182","2493 ","-12.50 %","-7.87","956","803","0.43",
"半導體業","6720","久昌","一般","69559","63404","29","2399","2186","1281 ","70.60 %","6.60","1572","1351","5.14",
"半導體業","7712","博盛半導體","一般","155159","140992","64","2424","2203","2186 ","0.80 %","8.39","1572","1351","5.14",
"半導體業","6104","創惟","一般","742212","661612","300","2474","2205","1895 ","16.40 %","3.37","1572","1351","5.14",
"半導體業","6716","應廣","一般","214209","195191","87","2462","2244","1714 ","30.90 %","4.35","1572","1351","5.14",
"半導體業","6679","鈺太","一般","164007","148410","66","2485","2249","1611 ","39.60 %","8.86","1572","1351","5.14",
"建材營造","2718","全心投控","投控","63722","57152","25","2549","2286","1497 ","52.70 %","35.33","1257","1059","3.22",
"通信網路業","6170","統振","一般","162806","146864","64","2544","2295","2128 ","7.80 %","3.39","1104","937","2.51",
"電子零組件業","4974","亞泰","一般","127323","116325","49","2598","2374","2092 ","13.50 %","7.29","972","819","2.22",
"半導體業","5236","凌陽創新","一般","356376","319787","133","2680","2404","2434 ","-1.20 %","8.25","1572","1351","5.14",
"綠能環保","8087","麗升能源","一般","39940","36255","15","2663","2417","1756 ","37.60 %","0.61","1068","920","3.76",
"半導體業","6187","萬潤","一般","897050","779418","322","2786","2421","1159 ","108.90 %","14.57","1572","1351","5.14",
"半導體業","3260","威剛","一般","1743379","1583952","651","2678","2433","1555 ","56.50 %","9.25","1572","1351","5.14",
"生技醫療業","6535","順藥","一般","91910","84286","34","2703","2479","1539 ","61.10 %","-2.60","956","803","0.43",
"建材營造","4907","富宇","一般","60226","54860","22","2738","2494","2104 ","18.50 %","6.00","1257","1059","3.22",
"建材營造","6186","新潤","一般","134738","111205","41","3286","2712","1949 ","39.10 %","5.63","1257","1059","3.22",
"生技醫療業","4162","智擎","一般","108984","95914","35","3114","2740","2160 ","26.90 %","12.19","956","803","0.43",
"半導體業","8299","群聯","一般","12152266","11140198","3880","3132","2871","2166 ","32.50 %","38.95","1572","1351","5.14",
"半導體業","6996","力領科技","一般","393347","344626","120","3278","2872","2570 ","11.80 %","15.37","1572","1351","5.14",
"電機機械","3162","精確","一般","31125","28833","10","3113","2883","2196 ","31.30 %","0.54","934","783","2.50",
"電腦及週邊設備業","3709","鑫聯大投控","投控","38520","34921","12","3210","2910","2921 ","-0.40 %","2.43","1158","987","4.39",
"電子零組件業","3526","凡甲","一般","239503","221041","71","3373","3113","2199 ","41.60 %","16.80","972","819","2.22",
"半導體業","3529","力旺","一般","1089029","988317","305","3571","3240","2794 ","16.00 %","24.57","1572","1351","5.14",
"半導體業","6411","晶焱","一般","504288","469683","143","3526","3284","3104 ","5.80 %","4.53","1572","1351","5.14",
"半導體業","3227","原相","一般","2125743","1961700","565","3762","3472","2743 ","26.60 %","12.52","1572","1351","5.14",
"文化創意業","3293","鈊象","一般","4866809","4529756","1132","4299","4002","3167 ","26.40 %","32.14","1614","1435","7.81",
"半導體業","5274","信驊","一般","736796","676961","124","5942","5459","3459 ","57.80 %","68.04","1572","1351","5.14",